country,iso3,region,source_type,year,prophet_forecast_mw_x,lr_forecast_mw,prophet_forecast_mw_y,sarima_forecast_mw,xgb_forecast_mw,lgbm_forecast_mw,hybrid_forecast_mw,ensemble_forecast_mw,recommended_forecast_mw,best_model
Australia,AUS,Oceania,Biomass,2025,909.6006667111357,955.0,909.6006667111357,955.0,1037.0909042358398,1779.0441661635512,955.0,1065.421709067338,1065.421709067338,"Ensemble(LR, Prophet, SARIMA, XGB, LGBM, Hybrid)"
Australia,AUS,Oceania,Biomass,2026,916.6842067084393,955.0,916.6842067084393,955.0,1103.9672012329102,1902.974705102167,955.0,1128.5080058071228,1128.5080058071228,"Ensemble(LR, Prophet, SARIMA, XGB, LGBM, Hybrid)"
Australia,AUS,Oceania,Biomass,2027,923.8079673587716,955.0,923.8079673587716,955.0,1146.7025146484375,1902.974705102167,955.0,1163.7388819911341,1163.7388819911341,"Ensemble(LR, Prophet, SARIMA, XGB, LGBM, Hybrid)"
Australia,AUS,Oceania,Biomass,2028,930.971944623938,955.0,930.971944623938,955.0,1178.8542366027832,1962.8562848888787,955.0,1194.0877760193027,1194.0877760193027,"Ensemble(LR, Prophet, SARIMA, XGB, LGBM, Hybrid)"
Australia,AUS,Oceania,Biomass,2029,938.1959232235632,955.0,938.1959232235632,955.0,1211.004280090332,1962.8562848888787,961.0928174267824,1220.5921844556492,1220.5921844556492,"Ensemble(LR, Prophet, SARIMA, XGB, LGBM, Hybrid)"
Australia,AUS,Oceania,Hydro,2025,7851.161647064339,8064.58,7851.161647064339,8064.58,8185.446470336914,8418.203032261474,8064.58,8064.58,8064.58,"Ensemble(LR, Prophet, SARIMA, XGB, LGBM, Hybrid)"
Australia,AUS,Oceania,Hydro,2026,7881.011353236383,8064.58,7881.011353236383,8064.58,8344.088911132812,8733.351413331979,8064.58,8121.7617561788165,8121.7617561788165,"Ensemble(LR, Prophet, SARIMA, XGB, LGBM, Hybrid)"
Australia,AUS,Oceania,Hydro,2027,7910.856025156429,8064.58,7910.856025156429,8064.58,8535.831953125,9022.53772649354,8064.58,8242.934892944899,8242.934892944899,"Ensemble(LR, Prophet, SARIMA, XGB, LGBM, Hybrid)"
Australia,AUS,Oceania,Hydro,2028,7940.694769654515,8064.58,7940.694769654515,8064.58,8708.525068359375,9263.759580916892,8064.58,8352.120529312419,8352.120529312419,"Ensemble(LR, Prophet, SARIMA, XGB, LGBM, Hybrid)"
Australia,AUS,Oceania,Hydro,2029,7970.6084153853135,8064.58,7970.6084153853135,8064.58,8973.857740478516,9581.562689898301,8064.58,8518.788949973934,8518.788949973934,"Ensemble(LR, Prophet, SARIMA, XGB, LGBM, Hybrid)"
Australia,AUS,Oceania,Solar,2025,47880.60601011741,35864.94,47880.60601011741,35864.94,41064.813046875,39990.80711309684,47417.05353586858,39990.80711317969,39990.80711317969,"Ensemble(LR, Prophet, SARIMA, XGB, LGBM, Hybrid)"
Australia,AUS,Oceania,Solar,2026,53473.717476340484,35864.94,53473.717476340484,37289.58492309255,44642.12408203125,43261.42524950874,53010.16500209166,43261.42524986352,43261.42524986352,"Ensemble(LR, Prophet, SARIMA, XGB, LGBM, Hybrid)"
Australia,AUS,Oceania,Solar,2027,58421.13816705004,39197.75242642643,58421.13816705004,38686.248739674316,47223.10796875,47358.66099726253,57957.585692801214,47358.660997492705,47358.660997492705,"Ensemble(LR, Prophet, SARIMA, XGB, LGBM, Hybrid)"
Australia,AUS,Oceania,Solar,2028,62621.398588452525,42871.982898648654,62621.398588452525,39785.592357275265,48844.04205078125,50382.57504259206,62157.8461142037,50382.57504286462,50382.57504286462,"Ensemble(LR, Prophet, SARIMA, XGB, LGBM, Hybrid)"
Australia,AUS,Oceania,Solar,2029,66073.26591372263,46703.12396396397,66073.26591372263,40644.27297999931,50282.785703125,50382.57504259206,65609.71343947381,50382.575043736906,50382.575043736906,"Ensemble(LR, Prophet, SARIMA, XGB, LGBM, Hybrid)"
Australia,AUS,Oceania,Wind,2025,13988.196808574652,15288.0,13988.196808574652,15288.0,16798.628662109375,17198.927744358647,15288.0,16150.830694817329,16150.830694817329,"Ensemble(LR, Prophet, SARIMA, XGB, LGBM, Hybrid)"
Australia,AUS,Oceania,Wind,2026,15046.116661849492,15460.637837837836,15046.116661849492,15288.0,18608.02880859375,19735.55277714547,15288.0,18322.949604000794,18322.949604000794,"Ensemble(LR, Prophet, SARIMA, XGB, LGBM, Hybrid)"
Australia,AUS,Oceania,Wind,2027,16051.030607925224,16748.007807807808,16051.030607925224,15288.0,20846.771728515625,21556.751119977842,15959.46011231825,19906.13742673597,19906.13742673597,"Ensemble(LR, Prophet, SARIMA, XGB, LGBM, Hybrid)"
Australia,AUS,Oceania,Wind,2028,16990.415028530322,18086.51891891892,16990.415028530322,15288.0,23123.198486328125,22073.973865635104,16898.844532923347,20420.649922402765,20420.649922402765,"Ensemble(LR, Prophet, SARIMA, XGB, LGBM, Hybrid)"
Australia,AUS,Oceania,Wind,2029,17857.73861208451,19476.17117117117,17857.73861208451,15288.0,25031.30908203125,23631.98107580896,17766.168116477536,21774.491348235766,21774.491348235766,"Ensemble(LR, Prophet, SARIMA, XGB, LGBM, Hybrid)"
Austria,AUT,Europe,Biomass,2025,758.0083346851644,1276.31,758.0083346851644,1276.31,1343.6600061035156,1503.3946736362304,1276.31,1343.3986273553019,1343.3986273553019,"Ensemble(LR, Prophet, SARIMA, XGB, LGBM, Hybrid)"
Austria,AUT,Europe,Biomass,2026,706.6099955208067,1276.31,706.6099955208067,1276.31,1413.329775390625,2279.8302646288794,1276.31,1450.6645622766962,1450.6645622766962,"Ensemble(LR, Prophet, SARIMA, XGB, LGBM, Hybrid)"
Austria,AUT,Europe,Biomass,2027,658.4780412110346,1276.31,658.4780412110346,1276.31,1492.9797692871093,2399.5751833166055,1276.31,1524.0128337460476,1524.0128337460476,"Ensemble(LR, Prophet, SARIMA, XGB, LGBM, Hybrid)"
Austria,AUT,Europe,Biomass,2028,613.4338734691772,1276.31,613.4338734691772,1276.31,1555.1304040527343,2399.5751833166055,1276.31,1575.2496480615328,1575.2496480615328,"Ensemble(LR, Prophet, SARIMA, XGB, LGBM, Hybrid)"
Austria,AUT,Europe,Biomass,2029,571.1931980946491,1276.31,571.1931980946491,1276.31,1635.8273263549804,2399.5751833166055,1276.31,1641.7759713955334,1641.7759713955334,"Ensemble(LR, Prophet, SARIMA, XGB, LGBM, Hybrid)"
Austria,AUT,Europe,Hydro,2025,15879.88237631762,16315.880612612615,15879.88237631762,15733.04583134514,15218.9351953125,15349.841367843354,15823.813691320911,15467.4836503759,15467.4836503759,"Ensemble(LR, Prophet, SARIMA, XGB, LGBM, Hybrid)"
Austria,AUT,Europe,Hydro,2026,16085.112117637904,16637.465222972976,16085.112117637904,15921.384532726632,15324.680808410645,15712.1324370662,16029.043432641194,15616.843655549477,15616.843655549477,"Ensemble(LR, Prophet, SARIMA, XGB, LGBM, Hybrid)"
Austria,AUT,Europe,Hydro,2027,16289.74912366671,16969.084930930934,16289.74912366671,16109.359720090693,15456.594916687012,16067.056304650938,16233.68043867,15783.310140024329,15783.310140024329,"Ensemble(LR, Prophet, SARIMA, XGB, LGBM, Hybrid)"
Austria,AUT,Europe,Hydro,2028,16493.713959508263,17310.73973648649,16493.713959508263,16296.941821682061,15590.44211517334,16402.21683404497,16437.645274511553,15951.800378812608,15951.800378812608,"Ensemble(LR, Prophet, SARIMA, XGB, LGBM, Hybrid)"
Austria,AUT,Europe,Hydro,2029,16697.483899839943,17662.429639639642,16697.483899839943,16484.101866734076,15756.683081970215,16645.3008669145,16641.415214843233,16141.252500709577,16141.252500709577,"Ensemble(LR, Prophet, SARIMA, XGB, LGBM, Hybrid)"
Austria,AUT,Europe,Solar,2025,3522.7162380045334,8481.0,3522.7162380045334,8481.0,10739.37841796875,10603.356762612671,8481.0,10603.356761395074,10603.356761395074,"Ensemble(LR, Prophet, SARIMA, XGB, LGBM, Hybrid)"
Austria,AUT,Europe,Solar,2026,3886.157410273204,8481.0,3886.157410273204,8481.0,12612.101806640625,12506.832747615375,8481.0,12506.832746081545,12506.832746081545,"Ensemble(LR, Prophet, SARIMA, XGB, LGBM, Hybrid)"
Austria,AUT,Europe,Solar,2027,4255.128549933681,8481.0,4255.128549933681,8481.0,14160.213989257812,12995.956203825139,8481.0,12995.956202368894,12995.956202368894,"Ensemble(LR, Prophet, SARIMA, XGB, LGBM, Hybrid)"
Austria,AUT,Europe,Solar,2028,4624.1274344770745,8481.0,4624.1274344770745,8481.0,15005.214477539062,13498.294353714833,8481.0,13498.294352263281,13498.294352263281,"Ensemble(LR, Prophet, SARIMA, XGB, LGBM, Hybrid)"
Austria,AUT,Europe,Solar,2029,4988.633755882708,8481.0,4988.633755882708,8481.0,15752.437561035156,14063.893924324542,8481.0,14063.89392284985,14063.89392284985,"Ensemble(LR, Prophet, SARIMA, XGB, LGBM, Hybrid)"
Austria,AUT,Europe,Wind,2025,5556.632826895634,4962.870054054054,5556.632826895634,4035.0,4224.261367797852,4349.228760070282,5440.510295340223,4318.7401027194455,4318.7401027194455,"Ensemble(LR, Prophet, SARIMA, XGB, LGBM, Hybrid)"
Austria,AUT,Europe,Wind,2026,5902.746176260984,5287.954027027027,5902.746176260984,4035.0,4395.524139404297,4633.654509032079,5786.623644705573,4576.740167561821,4576.740167561821,"Ensemble(LR, Prophet, SARIMA, XGB, LGBM, Hybrid)"
Austria,AUT,Europe,Wind,2027,6237.744070250718,5623.1215135135135,6237.744070250718,4035.0,4588.134414672852,4821.743828647123,6121.621538695307,4755.360528010226,4755.360528010226,"Ensemble(LR, Prophet, SARIMA, XGB, LGBM, Hybrid)"
Austria,AUT,Europe,Wind,2028,6558.675295186375,5968.372513513514,6558.675295186375,4035.0,4815.286911010742,4997.828493435484,6442.552763630963,4923.056320790425,4923.056320790425,"Ensemble(LR, Prophet, SARIMA, XGB, LGBM, Hybrid)"
Austria,AUT,Europe,Wind,2029,6863.933656378606,6323.707027027027,6863.933656378606,4035.0,4999.470733642578,5024.567471296462,6747.811124823195,4967.960233418836,4967.960233418836,"Ensemble(LR, Prophet, SARIMA, XGB, LGBM, Hybrid)"
Belgium,BEL,Europe,Biomass,2025,808.3293846587814,944.3122372372374,808.3293846587814,1045.8640767143627,802.6797435760498,816.7650214184054,956.1339210995417,819.3650228189707,819.3650228189707,"Ensemble(LR, Prophet, SARIMA, XGB, LGBM, Hybrid)"
Belgium,BEL,Europe,Biomass,2026,795.699793469906,944.3122372372374,795.699793469906,1059.8212448269862,884.0332286834716,1060.918091770932,956.1339210995417,902.1019595442297,902.1019595442297,"Ensemble(LR, Prophet, SARIMA, XGB, LGBM, Hybrid)"
Belgium,BEL,Europe,Biomass,2027,783.2319740643837,944.3122372372374,783.2319740643837,1071.8924956137967,1126.6613414764404,1423.0487776919717,956.1339210995417,1125.364871275979,1125.364871275979,"Ensemble(LR, Prophet, SARIMA, XGB, LGBM, Hybrid)"
Belgium,BEL,Europe,Biomass,2028,770.9249645782047,944.3122372372374,770.9249645782047,1082.3140041028325,1336.1887157440185,1518.024353209631,956.1339210995417,1304.1940460512553,1304.1940460512553,"Ensemble(LR, Prophet, SARIMA, XGB, LGBM, Hybrid)"
Belgium,BEL,Europe,Biomass,2029,758.7447112152103,944.3122372372374,758.7447112152103,1091.2974997397694,1531.477396774292,1658.9645232962032,956.1339210995417,1474.2348133512446,1474.2348133512446,"Ensemble(LR, Prophet, SARIMA, XGB, LGBM, Hybrid)"
Belgium,BEL,Europe,Hydro,2025,114.63094709569656,128.3,114.63094709569656,128.3,128.3,243.31920557007908,145.93615290891856,128.3,128.3,"Ensemble(LR, Prophet, SARIMA, XGB, LGBM, Hybrid)"
Belgium,BEL,Europe,Hydro,2026,114.82962848782745,128.3,114.82962848782745,128.3,155.74204139709474,1030.8099823905386,146.13483430104944,136.41598877358493,136.41598877358493,"Ensemble(LR, Prophet, SARIMA, XGB, LGBM, Hybrid)"
Belgium,BEL,Europe,Hydro,2027,115.02834324477351,128.3,115.02834324477351,128.3,155.74204139709474,1200.0594906708789,146.3335490579955,136.41598877358493,136.41598877358493,"Ensemble(LR, Prophet, SARIMA, XGB, LGBM, Hybrid)"
Belgium,BEL,Europe,Hydro,2028,115.22709029736723,128.3,115.22709029736723,128.3,190.77517585754396,1246.9888523856732,146.53229611058921,158.2064119999062,158.2064119999062,"Ensemble(LR, Prophet, SARIMA, XGB, LGBM, Hybrid)"
Belgium,BEL,Europe,Hydro,2029,115.42641321567694,128.3,115.42641321567694,128.3,190.77517585754396,1246.9888523856732,146.73161902889893,158.2064119999062,158.2064119999062,"Ensemble(LR, Prophet, SARIMA, XGB, LGBM, Hybrid)"
Belgium,BEL,Europe,Solar,2025,6598.886786123334,9751.9,6598.886786123334,9751.9,11311.864965820312,11230.084968238934,9751.9,11230.08496746052,11230.08496746052,"Ensemble(LR, Prophet, SARIMA, XGB, LGBM, Hybrid)"
Belgium,BEL,Europe,Solar,2026,7036.224906016077,9751.9,7036.224906016077,9751.9,12986.011328125,13317.357625340519,9751.9,13317.357624213253,13317.357624213253,"Ensemble(LR, Prophet, SARIMA, XGB, LGBM, Hybrid)"
Belgium,BEL,Europe,Solar,2027,7488.994562243061,9751.9,7488.994562243061,9751.9,14440.154150390625,14377.23431071066,9751.9,14377.234309524989,14377.234309524989,"Ensemble(LR, Prophet, SARIMA, XGB, LGBM, Hybrid)"
Belgium,BEL,Europe,Solar,2028,7956.020083299294,10006.01483007209,7956.020083299294,9751.9,15596.954931640625,14971.651774861846,9751.9,14971.65177373176,14971.65177373176,"Ensemble(LR, Prophet, SARIMA, XGB, LGBM, Hybrid)"
Belgium,BEL,Europe,Solar,2029,8437.25816782558,10747.831902963726,8437.25816782558,9751.9,16290.983984375,15507.855134868649,9751.9,15507.855133769415,15507.855133769415,"Ensemble(LR, Prophet, SARIMA, XGB, LGBM, Hybrid)"
Belgium,BEL,Europe,Wind,2025,7077.451495490656,7054.029369369369,7077.451495490656,7187.905735262695,5663.44505859375,5723.255462552747,6996.541795901916,5981.4689215184135,5981.4689215184135,"Ensemble(LR, Prophet, SARIMA, XGB, LGBM, Hybrid)"
Belgium,BEL,Europe,Wind,2026,7602.358173590324,7677.083851351352,7602.358173590324,7772.891269449948,5804.470403442383,5961.130751257959,7521.448474001584,6279.428986081539,6279.428986081539,"Ensemble(LR, Prophet, SARIMA, XGB, LGBM, Hybrid)"
Belgium,BEL,Europe,Wind,2027,8096.363899042475,8326.233453453453,8096.363899042475,8356.68487943773,6080.832036743164,6195.021199515903,8015.454199453735,6571.685452915875,6571.685452915875,"Ensemble(LR, Prophet, SARIMA, XGB, LGBM, Hybrid)"
Belgium,BEL,Europe,Wind,2028,8553.63208617194,9001.478175675675,8553.63208617194,8936.035848728363,6444.897466430664,6387.970989411858,8472.722386583198,6827.36159302223,6827.36159302223,"Ensemble(LR, Prophet, SARIMA, XGB, LGBM, Hybrid)"
Belgium,BEL,Europe,Wind,2029,8971.519838634664,9702.818018018017,8971.519838634664,9508.005683048854,6768.903173217774,6624.010917169951,8890.610139045923,7114.321827224257,7114.321827224257,"Ensemble(LR, Prophet, SARIMA, XGB, LGBM, Hybrid)"
Brazil,BRA,Americas,Biomass,2025,17507.18226031417,19544.350414414417,17507.18226031417,17807.13,18334.739497070314,18401.363877085118,17961.03503107788,18473.795456165615,18473.795456165615,"Ensemble(LR, Prophet, SARIMA, XGB, LGBM, Hybrid)"
Brazil,BRA,Americas,Biomass,2026,17861.86139396614,20272.703790540545,17861.86139396614,17807.13,18903.65685546875,18725.429094477804,18315.714164729852,19044.76365986916,19044.76365986916,"Ensemble(LR, Prophet, SARIMA, XGB, LGBM, Hybrid)"
Brazil,BRA,Americas,Biomass,2027,18221.51618428969,21009.490492492496,18221.51618428969,17807.13,19271.85918701172,19193.277899449102,18675.3689550534,19460.43041458028,19460.43041458028,"Ensemble(LR, Prophet, SARIMA, XGB, LGBM, Hybrid)"
Brazil,BRA,Americas,Biomass,2028,18586.12737623278,21754.710520270273,18586.12737623278,17807.13,19819.035395507814,19965.846228598566,19039.98014699649,20044.13882547638,20044.13882547638,"Ensemble(LR, Prophet, SARIMA, XGB, LGBM, Hybrid)"
Brazil,BRA,Americas,Biomass,2029,18956.6909711756,22508.363873873877,18956.6909711756,17807.13,20673.24120605469,20678.699856798412,19410.543741939313,20878.068891527586,20878.068891527586,"Ensemble(LR, Prophet, SARIMA, XGB, LGBM, Hybrid)"
Brazil,BRA,Americas,Hydro,2025,122371.02533593838,132053.34565765766,122371.02533593838,130773.45900119428,110720.64407958984,110634.7820079548,119876.35655340909,118419.7590115172,118419.7590115172,"Ensemble(LR, Prophet, SARIMA, XGB, LGBM, Hybrid)"
Brazil,BRA,Americas,Hydro,2026,124812.12161409376,136347.04816216216,124812.12161409376,134978.8114160959,111879.20169677734,111133.98764252024,122317.45283156447,120738.23854928669,120738.23854928669,"Ensemble(LR, Prophet, SARIMA, XGB, LGBM, Hybrid)"
Brazil,BRA,Americas,Hydro,2027,127237.25034545198,140774.2473033033,127237.25034545198,139378.91705485553,113369.69241943359,111157.47029136469,124742.58156292269,123331.09875114524,123331.09875114524,"Ensemble(LR, Prophet, SARIMA, XGB, LGBM, Hybrid)"
Brazil,BRA,Americas,Hydro,2028,129644.07762679574,145334.94308108106,129644.07762679574,143984.77538018706,115888.94266357421,111230.74334927216,127149.40884426645,126634.89681155494,126634.89681155494,"Ensemble(LR, Prophet, SARIMA, XGB, LGBM, Hybrid)"
Brazil,BRA,Americas,Hydro,2029,132036.84974578774,150029.1354954955,132036.84974578774,148808.10933360056,120467.04129638671,111899.85162137468,129542.18096325845,131293.68364129306,131293.68364129306,"Ensemble(LR, Prophet, SARIMA, XGB, LGBM, Hybrid)"
Brazil,BRA,Americas,Solar,2025,22933.86059633328,53115.780000000006,22933.86059633328,41305959.4602853,78758.813203125,79604.38332084264,53115.780000000006,79604.38330813545,79604.38330813545,"Ensemble(LR, Prophet, SARIMA, XGB, LGBM, Hybrid)"
Brazil,BRA,Americas,Solar,2026,23274.485661709172,53115.780000000006,23274.485661709172,335358925.84193856,116291.090546875,114374.16783879824,53115.780000000006,114374.16781957103,114374.16781957103,"Ensemble(LR, Prophet, SARIMA, XGB, LGBM, Hybrid)"
Brazil,BRA,Americas,Solar,2027,23425.832814276244,53115.780000000006,23425.832814276244,3368050326.7084913,157837.602265625,157850.46383427698,53115.780000000006,157850.46380630616,157850.46380630616,"Ensemble(LR, Prophet, SARIMA, XGB, LGBM, Hybrid)"
Brazil,BRA,Americas,Solar,2028,23492.283455337856,53115.780000000006,23492.283455337856,42756327094.690865,197255.309296875,186193.5845043565,53115.780000000006,186193.58447196722,186193.58447196722,"Ensemble(LR, Prophet, SARIMA, XGB, LGBM, Hybrid)"
Brazil,BRA,Americas,Solar,2029,23521.357624102988,53115.780000000006,23521.357624102988,702602533707.6348,230629.887421875,205785.36831948126,53115.780000000006,205785.3682846973,205785.3682846973,"Ensemble(LR, Prophet, SARIMA, XGB, LGBM, Hybrid)"
Brazil,BRA,Americas,Wind,2025,32730.93892473751,32959.31,32730.93892473751,74483.9476431963,35559.4516015625,33696.590967678974,32959.31,38032.29533490822,38032.29533490822,"Ensemble(LR, Prophet, SARIMA, XGB, LGBM, Hybrid)"
Brazil,BRA,Americas,Wind,2026,34968.31218919209,33469.0649054054,34968.31218919209,94988.86364835885,38247.85541015625,37488.851934437844,33503.64402553467,43558.98848753041,43558.98848753041,"Ensemble(LR, Prophet, SARIMA, XGB, LGBM, Hybrid)"
Brazil,BRA,Americas,Wind,2027,36944.35258095384,36575.99848048048,36944.35258095384,120521.96390209405,40157.30536132812,38637.847990158516,35479.68441729642,47471.82060254124,47471.82060254124,"Ensemble(LR, Prophet, SARIMA, XGB, LGBM, Hybrid)"
Brazil,BRA,Americas,Wind,2028,38653.49269061312,39816.364202702694,38653.49269061312,152156.24676509126,42347.93817382812,38637.847990158516,37188.8245269557,51105.3721873821,51105.3721873821,"Ensemble(LR, Prophet, SARIMA, XGB, LGBM, Hybrid)"
Brazil,BRA,Americas,Wind,2029,40108.90638931818,43190.16207207207,40108.90638931818,191156.48563904763,44677.38641601562,38637.847990158516,38644.23822566076,55535.87972960996,55535.87972960996,"Ensemble(LR, Prophet, SARIMA, XGB, LGBM, Hybrid)"
Canada,CAN,Americas,Biomass,2025,3260.983390740622,2802.517207207208,3260.983390740622,2708.01,2742.4476068115237,2734.9916782324376,3347.98443686526,2748.66231394069,2748.66231394069,"Ensemble(LR, Prophet, SARIMA, XGB, LGBM, Hybrid)"
Canada,CAN,Americas,Biomass,2026,3354.297175238317,2839.3802702702706,3354.297175238317,2708.01,2880.485814819336,3098.3860098986747,3441.298221362955,2889.890134257941,2889.890134257941,"Ensemble(LR, Prophet, SARIMA, XGB, LGBM, Hybrid)"
Canada,CAN,Americas,Biomass,2027,3449.3941656949123,2873.48957957958,3449.3941656949123,2708.01,3192.381505737305,3278.5985734120795,3536.3952118195502,3162.3824492114823,3162.3824492114823,"Ensemble(LR, Prophet, SARIMA, XGB, LGBM, Hybrid)"
Canada,CAN,Americas,Biomass,2028,3546.2581469131683,2904.8451351351355,3546.2581469131683,2708.01,3529.825872192383,3548.834724699379,3633.259193037806,3461.4077542289383,3461.4077542289383,"Ensemble(LR, Prophet, SARIMA, XGB, LGBM, Hybrid)"
Canada,CAN,Americas,Biomass,2029,3645.142350290678,2933.446936936937,3645.142350290678,2708.01,3924.1941278076174,3921.891721184679,3732.143396415316,3813.6529971676446,3813.6529971676446,"Ensemble(LR, Prophet, SARIMA, XGB, LGBM, Hybrid)"
Canada,CAN,Americas,Hydro,2025,85952.8658399885,85909.81981981982,85952.8658399885,84168.07986733345,83686.5200958252,83903.26493688552,85710.66355397341,84030.55895516211,84030.55895516211,"Ensemble(LR, Prophet, SARIMA, XGB, LGBM, Hybrid)"
Canada,CAN,Americas,Hydro,2026,86692.56209182627,86667.99324324325,86692.56209182627,84574.107896721,84166.26078796387,83903.26493688552,86450.35980581118,84515.19045290063,84515.19045290063,"Ensemble(LR, Prophet, SARIMA, XGB, LGBM, Hybrid)"
Canada,CAN,Americas,Hydro,2027,87431.38083361571,87427.84384384385,87431.38083361571,84965.41542557093,84527.84669494629,83937.70329856279,87189.17854760062,84922.29107591923,84922.29107591923,"Ensemble(LR, Prophet, SARIMA, XGB, LGBM, Hybrid)"
Canada,CAN,Americas,Hydro,2028,88169.20093010235,88189.37162162163,88169.20093010235,85342.46364020227,84823.93840026855,84440.5227233711,87926.99864408726,85284.74687031259,85284.74687031259,"Ensemble(LR, Prophet, SARIMA, XGB, LGBM, Hybrid)"
Canada,CAN,Americas,Hydro,2029,88907.91861670016,88952.57657657658,88907.91861670016,85705.70515278893,85272.86906433105,84440.5227233711,88665.71633068507,85738.48892982738,85738.48892982738,"Ensemble(LR, Prophet, SARIMA, XGB, LGBM, Hybrid)"
Canada,CAN,Americas,Solar,2025,4171.739168162914,5773.4,4171.739168162914,5773.4,6561.153234863281,6283.0341902098535,5773.4,6283.034189933016,6283.034189933016,"Ensemble(LR, Prophet, SARIMA, XGB, LGBM, Hybrid)"
Canada,CAN,Americas,Solar,2026,4427.966005610419,5899.197397360704,4427.966005610419,5773.4,7411.797583007812,7159.627411494683,5773.4,7159.627411116251,7159.627411116251,"Ensemble(LR, Prophet, SARIMA, XGB, LGBM, Hybrid)"
Canada,CAN,Americas,Solar,2027,4692.521903014925,6429.08944281525,4692.521903014925,5773.4,8196.632055664062,7992.762971383353,5773.4,7992.762970912898,7992.762970912898,"Ensemble(LR, Prophet, SARIMA, XGB, LGBM, Hybrid)"
Canada,CAN,Americas,Solar,2028,4964.8039071594385,6981.76887829912,4964.8039071594385,5773.4,8736.899633789062,8345.081193889571,5773.4,8345.081193449947,8345.081193449947,"Ensemble(LR, Prophet, SARIMA, XGB, LGBM, Hybrid)"
Canada,CAN,Americas,Solar,2029,5244.889409953268,7557.235703812316,5244.889409953268,5773.4,9427.092077636718,8770.121879532524,5773.4,8770.121879119964,8770.121879119964,"Ensemble(LR, Prophet, SARIMA, XGB, LGBM, Hybrid)"
Canada,CAN,Americas,Wind,2025,16497.736908040595,21207.13873873874,16497.736908040595,22879.357157377002,19026.68503417969,19281.466080797112,17523.9,19484.596468541553,19484.596468541553,"Ensemble(LR, Prophet, SARIMA, XGB, LGBM, Hybrid)"
Canada,CAN,Americas,Wind,2026,17056.366972803055,22720.002702702703,17056.366972803055,24478.585963178128,21012.81015625,21980.406403174875,17523.9,21900.42287758493,21900.42287758493,"Ensemble(LR, Prophet, SARIMA, XGB, LGBM, Hybrid)"
Canada,CAN,Americas,Wind,2027,17619.523591656434,24284.773573573577,17619.523591656434,26048.24695760045,22668.9478515625,23267.741153373325,17809.02782285456,23164.468253222618,23164.468253222618,"Ensemble(LR, Prophet, SARIMA, XGB, LGBM, Hybrid)"
Canada,CAN,Americas,Wind,2028,18186.31393819992,25901.451351351352,18186.31393819992,27580.911249590667,24052.24130859375,24567.850037206972,18375.818169398048,24435.084899716087,24435.084899716087,"Ensemble(LR, Prophet, SARIMA, XGB, LGBM, Hybrid)"
Canada,CAN,Americas,Wind,2029,18757.38464496639,27570.036036036036,18757.38464496639,29070.322143327587,25225.4302734375,26420.21418231103,18946.888876164518,26150.6893217572,26150.6893217572,"Ensemble(LR, Prophet, SARIMA, XGB, LGBM, Hybrid)"
Chile,CHL,Americas,Biomass,2025,1199.4728529652473,1091.2372252252253,1199.4728529652473,521.26,567.8398988342285,581.4969866753736,1278.4645133266072,627.0355974977122,627.0355974977122,"Ensemble(LR, Prophet, SARIMA, XGB, LGBM, Hybrid)"
Chile,CHL,Americas,Biomass,2026,1289.6557584224981,1209.233695945946,1289.6557584224981,521.26,627.2917268371582,823.0979295701809,1368.647418783858,704.7007568404769,704.7007568404769,"Ensemble(LR, Prophet, SARIMA, XGB, LGBM, Hybrid)"
Chile,CHL,Americas,Biomass,2027,1384.7907653459654,1330.4945285285285,1384.7907653459654,521.26,710.8705537414551,1071.390175234259,1463.7824257073253,803.0493147592019,803.0493147592019,"Ensemble(LR, Prophet, SARIMA, XGB, LGBM, Hybrid)"
Chile,CHL,Americas,Biomass,2028,1484.8782547125345,1455.019722972973,1484.8782547125345,521.26,813.321336517334,1268.0811848753738,1563.8699150738944,914.0079082525633,914.0079082525633,"Ensemble(LR, Prophet, SARIMA, XGB, LGBM, Hybrid)"
Chile,CHL,Americas,Biomass,2029,1590.1706814115084,1582.8092792792795,1590.1706814115084,521.26,928.7212312316894,1348.9112458101968,1669.1623417728683,1028.569677607856,1028.569677607856,"Ensemble(LR, Prophet, SARIMA, XGB, LGBM, Hybrid)"
Chile,CHL,Americas,Hydro,2025,7650.218640648827,7464.87,7650.218640648827,7464.87,8083.434086914062,8328.066705175683,7826.348326853982,7535.308465813814,7535.308465813814,"Ensemble(LR, Prophet, SARIMA, XGB, LGBM, Hybrid)"
Chile,CHL,Americas,Hydro,2026,7779.550248415069,7464.87,7779.550248415069,7464.87,8403.563939208983,8689.12366807557,7955.679934620224,7749.8123374634415,7749.8123374634415,"Ensemble(LR, Prophet, SARIMA, XGB, LGBM, Hybrid)"
Chile,CHL,Americas,Hydro,2027,7908.031331994026,7464.87,7908.031331994026,7464.87,8709.753972167968,8947.849625538369,8084.161018199181,7954.959620973193,7954.959620973193,"Ensemble(LR, Prophet, SARIMA, XGB, LGBM, Hybrid)"
Chile,CHL,Americas,Hydro,2028,8035.569848511574,7464.87,8035.569848511574,7464.87,9303.130986328124,9098.464126063198,8211.699534716729,8338.099934808024,8338.099934808024,"Ensemble(LR, Prophet, SARIMA, XGB, LGBM, Hybrid)"
Chile,CHL,Americas,Hydro,2029,8162.421673794308,7464.87,8162.421673794308,7464.87,9588.307713623046,9098.464126063198,8338.551359999463,8528.95173572891,8528.95173572891,"Ensemble(LR, Prophet, SARIMA, XGB, LGBM, Hybrid)"
Chile,CHL,Americas,Solar,2025,7694.06055352187,10897.53,7694.06055352187,10897.53,13333.949921875,12464.057644082706,10897.53,12464.057643307908,12464.057643307908,"Ensemble(LR, Prophet, SARIMA, XGB, LGBM, Hybrid)"
Chile,CHL,Americas,Solar,2026,8579.658323603677,10897.53,8579.658323603677,10897.53,14765.676240234376,12975.565299966249,10897.53,12975.565299383466,12975.565299383466,"Ensemble(LR, Prophet, SARIMA, XGB, LGBM, Hybrid)"
Chile,CHL,Americas,Solar,2027,9404.971636862438,10897.53,9404.971636862438,10897.53,15997.497407226563,13911.101722230187,10897.53,13911.101721693707,13911.101721693707,"Ensemble(LR, Prophet, SARIMA, XGB, LGBM, Hybrid)"
Chile,CHL,Americas,Solar,2028,10149.30152729189,11601.621401197608,10149.30152729189,10897.53,17622.672944335936,15018.60128927149,10897.53,15018.601288768477,15018.601288768477,"Ensemble(LR, Prophet, SARIMA, XGB, LGBM, Hybrid)"
Chile,CHL,Americas,Solar,2029,10802.662751903881,12964.530059880242,10802.662751903881,10897.53,18615.691682128905,15852.799344716355,11455.83981239589,15852.799344264024,15852.799344264024,"Ensemble(LR, Prophet, SARIMA, XGB, LGBM, Hybrid)"
Chile,CHL,Americas,Wind,2025,4459.005990473191,4716.9,4459.005990473191,8522.495356787726,5078.142492675781,5087.530754005868,4716.9,5380.795803245282,5380.795803245282,"Ensemble(LR, Prophet, SARIMA, XGB, LGBM, Hybrid)"
Chile,CHL,Americas,Wind,2026,4765.865114756215,4716.9,4765.865114756215,10594.557867384392,5661.500952148437,6071.8208176044855,4716.9,6434.554429280768,6434.554429280768,"Ensemble(LR, Prophet, SARIMA, XGB, LGBM, Hybrid)"
Chile,CHL,Americas,Wind,2027,5024.838801754174,4970.255416167389,5024.838801754174,13087.171057353124,6073.161505126953,6843.287258310171,4716.9,7358.089447424501,7358.089447424501,"Ensemble(LR, Prophet, SARIMA, XGB, LGBM, Hybrid)"
Chile,CHL,Americas,Wind,2028,5238.001921115644,5430.442459212831,5238.001921115644,16067.05133055879,6527.4153503417965,7463.5534579362675,4716.9,8209.101392331479,8209.101392331479,"Ensemble(LR, Prophet, SARIMA, XGB, LGBM, Hybrid)"
Chile,CHL,Americas,Wind,2029,5410.2950273003225,5910.356472485944,5410.2950273003225,19607.94905597678,7271.3394226074215,7790.789855109894,4880.325843410016,8880.704249202405,8880.704249202405,"Ensemble(LR, Prophet, SARIMA, XGB, LGBM, Hybrid)"
China,CHN,Asia,Biomass,2025,37695.12155514947,32300.0,37695.12155514947,41396.80449501261,32808.191802978516,32807.68721943943,38453.10241898811,32578.171738612076,32578.171738612076,"Ensemble(LR, Prophet, SARIMA, XGB, LGBM, Hybrid)"
China,CHN,Asia,Biomass,2026,41969.59630598491,33526.123587837836,41969.59630598491,48378.83333853584,33643.14114379883,33824.81223986477,42727.57716982355,33641.7618920573,33641.7618920573,"Ensemble(LR, Prophet, SARIMA, XGB, LGBM, Hybrid)"
China,CHN,Asia,Biomass,2027,46230.70660078482,36426.45691891892,46230.70660078482,56586.43935235923,34604.57846069336,34227.28906381831,46988.68746462346,34783.36627486429,34783.36627486429,"Ensemble(LR, Prophet, SARIMA, XGB, LGBM, Hybrid)"
China,CHN,Asia,Biomass,2028,50389.03371776874,39445.12166891892,50389.03371776874,66242.96803709892,34903.88687133789,34541.1649896102,51147.01458160738,35386.61212884324,35386.61212884324,"Ensemble(LR, Prophet, SARIMA, XGB, LGBM, Hybrid)"
China,CHN,Asia,Biomass,2029,54374.18391814033,42582.11783783784,54374.18391814033,77613.93122951992,35179.42221069336,35161.115170315534,55132.164781978965,36003.08787459508,36003.08787459508,"Ensemble(LR, Prophet, SARIMA, XGB, LGBM, Hybrid)"
China,CHN,Asia,Hydro,2025,465716.3088751699,433457.7541441441,465716.3088751699,377260.0,382794.935546875,383033.8866576804,450804.4826501873,379284.6559781212,379284.6559781212,"Ensemble(LR, Prophet, SARIMA, XGB, LGBM, Hybrid)"
China,CHN,Asia,Hydro,2026,481348.9260903597,452407.8829054054,481348.9260903597,377260.0,387198.021484375,386379.9495866461,466437.09986537707,384801.5114216008,384801.5114216008,"Ensemble(LR, Prophet, SARIMA, XGB, LGBM, Hybrid)"
China,CHN,Asia,Hydro,2027,496134.5068684068,471738.6315915916,496134.5068684068,377260.0,392361.90966796875,388435.8575139755,481222.68064342416,390769.07348946726,390769.07348946726,"Ensemble(LR, Prophet, SARIMA, XGB, LGBM, Hybrid)"
China,CHN,Asia,Hydro,2028,510044.1128394441,491450.0002027027,510044.1128394441,377260.0,399088.39697265625,393552.0724423595,495132.28661446145,397688.78015811794,397688.78015811794,"Ensemble(LR, Prophet, SARIMA, XGB, LGBM, Hybrid)"
China,CHN,Asia,Hydro,2029,523098.1895818604,511541.98873873876,523098.1895818604,377260.0,407768.44287109375,401819.84908151877,508186.36335687776,405806.47823741025,405806.47823741025,"Ensemble(LR, Prophet, SARIMA, XGB, LGBM, Hybrid)"
China,CHN,Asia,Solar,2025,779748.5213049883,887099.8,779748.5213049883,887099.8,918787.45234375,911399.6138556611,887099.8,911399.6137959728,911399.6137959728,"Ensemble(LR, Prophet, SARIMA, XGB, LGBM, Hybrid)"
China,CHN,Asia,Solar,2026,847505.8354309107,887099.8,847505.8354309107,887099.8,945903.801953125,929505.7106929254,887099.8,929505.7106419394,929505.7106419394,"Ensemble(LR, Prophet, SARIMA, XGB, LGBM, Hybrid)"
China,CHN,Asia,Solar,2027,899542.423689407,887099.8,899542.423689407,887099.8,973582.08515625,948818.8757222912,900796.9818567331,948818.875678349,948818.875678349,"Ensemble(LR, Prophet, SARIMA, XGB, LGBM, Hybrid)"
China,CHN,Asia,Solar,2028,937877.6329303917,887099.8,937877.6329303917,887099.8,1002474.079296875,970251.3675715252,939132.1910977178,970251.3675329615,970251.3675329615,"Ensemble(LR, Prophet, SARIMA, XGB, LGBM, Hybrid)"
China,CHN,Asia,Solar,2029,965324.8135302326,887099.8,965324.8135302326,887099.8,1034595.130078125,995290.9412772328,966579.3716975588,995290.9412424188,995290.9412424188,"Ensemble(LR, Prophet, SARIMA, XGB, LGBM, Hybrid)"
China,CHN,Asia,Wind,2025,354662.06092650077,521265.71,354662.06092650077,521265.71,544043.274453125,542421.4744366201,521265.71,521265.71,521265.71,"Ensemble(LR, Prophet, SARIMA, XGB, LGBM, Hybrid)"
China,CHN,Asia,Wind,2026,379128.8374470036,521265.71,379128.8374470036,521265.71,562642.913125,559353.9682814935,521265.71,531840.4035237323,531840.4035237323,"Ensemble(LR, Prophet, SARIMA, XGB, LGBM, Hybrid)"
China,CHN,Asia,Wind,2027,402802.93166797,521265.71,402802.93166797,521265.71,580556.907265625,577931.0835565244,521265.71,552877.5370218476,552877.5370218476,"Ensemble(LR, Prophet, SARIMA, XGB, LGBM, Hybrid)"
China,CHN,Asia,Wind,2028,425435.7843384494,521265.71,425435.7843384494,521265.71,599702.288125,602750.5559795976,521265.71,579024.3378219764,579024.3378219764,"Ensemble(LR, Prophet, SARIMA, XGB, LGBM, Hybrid)"
China,CHN,Asia,Wind,2029,446882.15798489924,543645.8143243243,446882.15798489924,547471.226768364,623629.040078125,622949.4495415622,521265.71,601413.1683175848,601413.1683175848,"Ensemble(LR, Prophet, SARIMA, XGB, LGBM, Hybrid)"
Chinese Taipei,TWN,Asia,Biomass,2025,395.28446990065447,417.58,395.28446990065447,417.58,417.58,417.58,468.9447459987477,417.58,417.58,"Ensemble(LR, Prophet, SARIMA, XGB, LGBM, Hybrid)"
Chinese Taipei,TWN,Asia,Biomass,2026,395.2377161577086,417.58,395.2377161577086,417.58,417.58,417.58,468.9447459987477,417.58,417.58,"Ensemble(LR, Prophet, SARIMA, XGB, LGBM, Hybrid)"
Chinese Taipei,TWN,Asia,Biomass,2027,395.19096657438047,417.58,395.19096657438047,417.58,451.24368865966795,417.58,468.9447459987477,442.81294875155544,442.81294875155544,"Ensemble(LR, Prophet, SARIMA, XGB, LGBM, Hybrid)"
Chinese Taipei,TWN,Asia,Biomass,2028,395.1442211506243,417.58,395.1442211506243,417.58,520.2160855102538,417.58,468.9447459987477,499.67360518176184,499.67360518176184,"Ensemble(LR, Prophet, SARIMA, XGB, LGBM, Hybrid)"
Chinese Taipei,TWN,Asia,Biomass,2029,395.0973518338492,417.58,395.0973518338492,417.58,570.0415821838378,417.58,468.9447459987477,540.749609165767,540.749609165767,"Ensemble(LR, Prophet, SARIMA, XGB, LGBM, Hybrid)"
Chinese Taipei,TWN,Asia,Hydro,2025,2225.844202672132,2123.451801801802,2225.844202672132,2122.62,2122.62,2240.5325212319685,2285.0018187614223,2122.62,2122.62,"Ensemble(LR, Prophet, SARIMA, XGB, LGBM, Hybrid)"
Chinese Taipei,TWN,Asia,Hydro,2026,2241.290492699477,2126.3175675675675,2241.290492699477,2122.62,2138.41462146759,2973.9531944605487,2300.4481087887675,2124.3065938252375,2124.3065938252375,"Ensemble(LR, Prophet, SARIMA, XGB, LGBM, Hybrid)"
Chinese Taipei,TWN,Asia,Hydro,2027,2256.7205022900944,2128.5282282282283,2256.7205022900944,2122.62,2138.41462146759,3305.660202179994,2315.878118379385,2124.5122217810467,2124.5122217810467,"Ensemble(LR, Prophet, SARIMA, XGB, LGBM, Hybrid)"
Chinese Taipei,TWN,Asia,Hydro,2028,2272.132563035109,2130.083783783784,2272.132563035109,2122.62,2170.4411679458617,3654.911509539037,2331.2901791243994,2144.577259240453,2144.577259240453,"Ensemble(LR, Prophet, SARIMA, XGB, LGBM, Hybrid)"
Chinese Taipei,TWN,Asia,Hydro,2029,2287.5671569944097,2130.984234234234,2287.5671569944097,2122.62,2170.4411679458617,4148.336901211654,2346.7247730837003,2144.6610143472567,2144.6610143472567,"Ensemble(LR, Prophet, SARIMA, XGB, LGBM, Hybrid)"
Chinese Taipei,TWN,Asia,Solar,2025,16222.870467219313,14281.15,16222.870467219313,26069.602333465344,15756.851782226562,15521.52113934757,16669.416319868753,15521.52113883989,15521.52113883989,"Ensemble(LR, Prophet, SARIMA, XGB, LGBM, Hybrid)"
Chinese Taipei,TWN,Asia,Solar,2026,17607.280374762588,14281.15,17607.280374762588,32559.97499751459,16684.89206542969,16014.216756938698,18053.826227412028,16014.216756612821,16014.216756612821,"Ensemble(LR, Prophet, SARIMA, XGB, LGBM, Hybrid)"
Chinese Taipei,TWN,Asia,Solar,2027,18623.55727743416,14281.15,18623.55727743416,39909.23868265473,17544.407934570314,16628.08387107035,19070.1031300836,16628.083870850955,16628.083870850955,"Ensemble(LR, Prophet, SARIMA, XGB, LGBM, Hybrid)"
Chinese Taipei,TWN,Asia,Solar,2028,19337.276682646254,14281.15,19337.276682646254,48083.09135134928,18369.332678222658,17445.419709820668,19783.822535295694,17445.419709617698,17445.419709617698,"Ensemble(LR, Prophet, SARIMA, XGB, LGBM, Hybrid)"
Chinese Taipei,TWN,Asia,Solar,2029,19824.147564171566,14281.15,19824.147564171566,57025.9262538689,18876.711279296876,17837.353384074944,20270.693416821006,17837.35338396629,17837.35338396629,"Ensemble(LR, Prophet, SARIMA, XGB, LGBM, Hybrid)"
Chinese Taipei,TWN,Asia,Wind,2025,1021.1940820963845,3890.24,1021.1940820963845,3890.24,5132.90455078125,5085.8573916838395,3890.24,4355.363209950952,4355.363209950952,"Ensemble(LR, Prophet, SARIMA, XGB, LGBM, Hybrid)"
Chinese Taipei,TWN,Asia,Wind,2026,1061.521881208419,3890.24,1061.521881208419,3890.24,6537.981088867187,6661.184779058653,3890.24,5640.703327990266,5640.703327990266,"Ensemble(LR, Prophet, SARIMA, XGB, LGBM, Hybrid)"
Chinese Taipei,TWN,Asia,Wind,2027,1102.2829847980984,3890.24,1102.2829847980984,3890.24,8812.149790039062,9194.375964069273,3890.24,7705.5340191949845,7705.5340191949845,"Ensemble(LR, Prophet, SARIMA, XGB, LGBM, Hybrid)"
Chinese Taipei,TWN,Asia,Wind,2028,1143.3951085221106,3890.24,1143.3951085221106,3890.24,11351.546518554687,11182.591951754843,3890.24,9326.806623953233,9326.806623953233,"Ensemble(LR, Prophet, SARIMA, XGB, LGBM, Hybrid)"
Chinese Taipei,TWN,Asia,Wind,2029,1184.8866690514033,3890.24,1184.8866690514033,3890.24,14076.073862304687,12565.867390203537,3890.24,10455.746784127645,10455.746784127645,"Ensemble(LR, Prophet, SARIMA, XGB, LGBM, Hybrid)"
France,FRA,Europe,Biomass,2025,2837.39889386377,3351.46,2837.39889386377,3351.46,4024.2374658203125,3620.4641675223975,3351.46,3877.16181298258,3877.16181298258,"Ensemble(LR, Prophet, SARIMA, XGB, LGBM, Hybrid)"
France,FRA,Europe,Biomass,2026,2995.0558599729347,3351.46,2995.0558599729347,3351.46,4533.157967529297,4495.846811740876,3351.46,4372.420290397923,4372.420290397923,"Ensemble(LR, Prophet, SARIMA, XGB, LGBM, Hybrid)"
France,FRA,Europe,Biomass,2027,3157.632900665887,3351.46,3157.632900665887,3472.910745949486,5149.118111572266,4938.377443159612,3351.46,4928.793374272653,4928.793374272653,"Ensemble(LR, Prophet, SARIMA, XGB, LGBM, Hybrid)"
France,FRA,Europe,Biomass,2028,3324.8704606881083,3480.0730202702707,3324.8704606881083,3705.5708234700264,6112.039071044922,5942.2701951847175,3351.46,5807.878464646744,5807.878464646744,"Ensemble(LR, Prophet, SARIMA, XGB, LGBM, Hybrid)"
France,FRA,Europe,Biomass,2029,3496.941931994542,3672.837207207208,3496.941931994542,3950.759256355593,6818.777230224609,6572.828747107631,3401.0512637103475,6452.458323258488,6452.458323258488,"Ensemble(LR, Prophet, SARIMA, XGB, LGBM, Hybrid)"
France,FRA,Europe,Hydro,2025,24551.541574128325,24693.399315315313,24551.541574128325,24640.53,24777.203446655272,24839.904120835734,24640.53,24640.53,24640.53,"Ensemble(LR, Prophet, SARIMA, XGB, LGBM, Hybrid)"
France,FRA,Europe,Hydro,2026,24624.482380267626,24796.208574324322,24624.482380267626,24640.53,24886.083253173827,25441.04156949626,24640.53,24695.050839649564,24695.050839649564,"Ensemble(LR, Prophet, SARIMA, XGB, LGBM, Hybrid)"
France,FRA,Europe,Hydro,2027,24697.41435027957,24902.07193993994,24697.41435027957,24640.53,24985.785554199218,25492.440006748697,24655.31276980126,24766.91204292501,24766.91204292501,"Ensemble(LR, Prophet, SARIMA, XGB, LGBM, Hybrid)"
France,FRA,Europe,Hydro,2028,24770.33615346521,25010.98941216216,24770.33615346521,24640.53,25177.793412475585,25568.056572450285,24728.2345729869,24896.470842374827,24896.470842374827,"Ensemble(LR, Prophet, SARIMA, XGB, LGBM, Hybrid)"
France,FRA,Europe,Hydro,2029,24843.44619712096,25122.96099099099,24843.44619712096,24640.53,25408.02853515625,25568.056572450285,24801.34461664265,25050.090869490712,25050.090869490712,"Ensemble(LR, Prophet, SARIMA, XGB, LGBM, Hybrid)"
France,FRA,Europe,Solar,2025,16857.567302699867,21528.09,16857.567302699867,21528.09,23487.128940429688,23121.25606586536,21528.09,23121.256064672256,23121.256064672256,"Ensemble(LR, Prophet, SARIMA, XGB, LGBM, Hybrid)"
France,FRA,Europe,Solar,2026,18214.517906603807,21528.09,18214.517906603807,21528.09,24973.799716796875,23689.75721667699,21528.09,23689.757215757047,23689.757215757047,"Ensemble(LR, Prophet, SARIMA, XGB, LGBM, Hybrid)"
France,FRA,Europe,Solar,2027,19616.175501020032,21528.09,19616.175501020032,21528.09,26215.771518554688,24685.121445310197,21528.09,24685.121444521967,24685.121444521967,"Ensemble(LR, Prophet, SARIMA, XGB, LGBM, Hybrid)"
France,FRA,Europe,Solar,2028,21054.3960913279,23159.75958783784,21054.3960913279,21528.09,27184.847385253906,24685.121445310197,21528.09,24685.121444935314,24685.121444935314,"Ensemble(LR, Prophet, SARIMA, XGB, LGBM, Hybrid)"
France,FRA,Europe,Solar,2029,22524.121621166636,24951.669009009012,22524.121621166636,21528.09,27713.29440673828,24685.121445310197,21528.09,24685.12144531437,24685.12144531437,"Ensemble(LR, Prophet, SARIMA, XGB, LGBM, Hybrid)"
France,FRA,Europe,Wind,2025,28080.74431143032,27830.016036036035,28080.74431143032,24591.61,26118.773696289063,25996.99467147727,28209.513690786916,25970.14830367399,25970.14830367399,"Ensemble(LR, Prophet, SARIMA, XGB, LGBM, Hybrid)"
France,FRA,Europe,Wind,2026,29992.421114206016,30021.60510135135,29992.421114206016,25287.779969094838,27898.22767578125,28509.338779599057,30121.19049356261,28273.878416911644,28273.878416911644,"Ensemble(LR, Prophet, SARIMA, XGB, LGBM, Hybrid)"
France,FRA,Europe,Wind,2027,31838.786594991532,32296.354564564564,31838.786594991532,26246.288040228734,29725.660537109376,29447.013456809036,31967.555974348128,29282.332956629947,29282.332956629947,"Ensemble(LR, Prophet, SARIMA, XGB, LGBM, Hybrid)"
France,FRA,Europe,Wind,2028,33600.807986393025,34654.264425675676,33600.807986393025,27127.54659104255,31909.486708984376,29648.452948993625,33729.57736574962,29676.682718710934,29676.682718710934,"Ensemble(LR, Prophet, SARIMA, XGB, LGBM, Hybrid)"
France,FRA,Europe,Wind,2029,35267.599365528884,37095.33468468468,35267.599365528884,27934.59476085188,33537.47413574219,30275.966536419906,35396.368744885476,30402.398683436833,30402.398683436833,"Ensemble(LR, Prophet, SARIMA, XGB, LGBM, Hybrid)"
Germany,DEU,Europe,Biomass,2025,12425.975322535163,12981.171171171172,12425.975322535163,11725.85545420427,10448.994842529297,10869.404497593427,12835.296057806127,10758.122158924816,10758.122158924816,"Ensemble(LR, Prophet, SARIMA, XGB, LGBM, Hybrid)"
Germany,DEU,Europe,Biomass,2026,12882.032149399423,13488.85641891892,12882.032149399423,11928.037914297149,10868.990325927734,11235.172549991174,13291.352884670387,11184.40818984314,11184.40818984314,"Ensemble(LR, Prophet, SARIMA, XGB, LGBM, Hybrid)"
Germany,DEU,Europe,Biomass,2027,13348.87583290955,13999.348348348349,13348.87583290955,12110.153139059772,11299.034759521484,11977.193236912199,13758.196568180514,11643.438559483968,11643.438559483968,"Ensemble(LR, Prophet, SARIMA, XGB, LGBM, Hybrid)"
Germany,DEU,Europe,Biomass,2028,13826.33074900426,14512.64695945946,13826.33074900426,12273.892637094767,11908.50503540039,12351.216616402122,14235.651484275224,12227.082372929113,12227.082372929113,"Ensemble(LR, Prophet, SARIMA, XGB, LGBM, Hybrid)"
Germany,DEU,Europe,Biomass,2029,14315.53860820266,15028.752252252252,14315.53860820266,12420.87170074452,12428.787384033203,12711.250824264354,14724.859343473623,12736.614832186158,12736.614832186158,"Ensemble(LR, Prophet, SARIMA, XGB, LGBM, Hybrid)"
Germany,DEU,Europe,Hydro,2025,5688.191719146689,5844.0,5688.191719146689,5844.0,6017.113143920898,6064.931961040553,5844.0,5844.0,5844.0,"Ensemble(LR, Prophet, SARIMA, XGB, LGBM, Hybrid)"
Germany,DEU,Europe,Hydro,2026,5704.831986059528,5844.0,5704.831986059528,5844.0,6152.9346923828125,6277.865516879811,5844.0,5895.87496031935,5895.87496031935,"Ensemble(LR, Prophet, SARIMA, XGB, LGBM, Hybrid)"
Germany,DEU,Europe,Hydro,2027,5721.470927457099,5844.0,5721.470927457099,5844.0,6320.681671142578,6415.375575399425,5844.0,6002.994295296118,6002.994295296118,"Ensemble(LR, Prophet, SARIMA, XGB, LGBM, Hybrid)"
Germany,DEU,Europe,Hydro,2028,5738.108252639696,5844.0,5738.108252639696,5844.0,6459.149032592773,6501.330790886225,5844.0,6091.492919761649,6091.492919761649,"Ensemble(LR, Prophet, SARIMA, XGB, LGBM, Hybrid)"
Germany,DEU,Europe,Hydro,2029,5754.789244623711,5844.0,5754.789244623711,5844.0,6696.026428222656,6620.992949701051,5844.0,6240.830096127106,6240.830096127106,"Ensemble(LR, Prophet, SARIMA, XGB, LGBM, Hybrid)"
Germany,DEU,Europe,Solar,2025,62077.49847929895,89943.0,62077.49847929895,89943.0,103486.478515625,115634.54866363834,89943.0,115634.54865297854,115634.54865297854,"Ensemble(LR, Prophet, SARIMA, XGB, LGBM, Hybrid)"
Germany,DEU,Europe,Solar,2026,64933.22432429451,89943.0,64933.22432429451,89943.0,122708.212890625,147499.22222616844,89943.0,147499.2222086632,147499.2222086632,"Ensemble(LR, Prophet, SARIMA, XGB, LGBM, Hybrid)"
Germany,DEU,Europe,Solar,2027,67869.47587745528,89943.0,67869.47587745528,89943.0,149818.244140625,186589.2830184803,89943.0,186589.28299277506,186589.28299277506,"Ensemble(LR, Prophet, SARIMA, XGB, LGBM, Hybrid)"
Germany,DEU,Europe,Solar,2028,70883.94348538012,90173.24527027027,70883.94348538012,89943.0,175885.166015625,212135.7672102755,89943.0,212135.76718035364,212135.76718035364,"Ensemble(LR, Prophet, SARIMA, XGB, LGBM, Hybrid)"
Germany,DEU,Europe,Solar,2029,73982.4570867293,95734.87387387388,73982.4570867293,89943.0,199920.390625,228784.99684760097,89943.0,228784.99681595352,228784.99681595352,"Ensemble(LR, Prophet, SARIMA, XGB, LGBM, Hybrid)"
Germany,DEU,Europe,Wind,2025,93370.58617783264,88957.49189189188,93370.58617783264,72823.0,76166.72802734375,76061.03162387777,91847.13007591099,76210.67618786996,76210.67618786996,"Ensemble(LR, Prophet, SARIMA, XGB, LGBM, Hybrid)"
Germany,DEU,Europe,Wind,2026,98647.4879870393,94190.52094594594,98647.4879870393,72823.0,78883.17944335938,78049.91727431817,97124.03188511766,78266.94898347506,78266.94898347506,"Ensemble(LR, Prophet, SARIMA, XGB, LGBM, Hybrid)"
Germany,DEU,Europe,Wind,2027,103873.98259387288,99575.1063063063,103873.98259387288,72823.0,82045.3310546875,80626.62971217938,102350.52649195123,80788.45918021328,80788.45918021328,"Ensemble(LR, Prophet, SARIMA, XGB, LGBM, Hybrid)"
Germany,DEU,Europe,Wind,2028,109016.19847554284,105111.24797297297,109016.19847554284,72823.0,85430.50219726562,83479.78231864932,107492.7423736212,83521.40054581332,83521.40054581332,"Ensemble(LR, Prophet, SARIMA, XGB, LGBM, Hybrid)"
Germany,DEU,Europe,Wind,2029,114056.04191072476,110798.94594594595,114056.04191072476,72823.0,89137.63647460938,86794.10353969896,112532.58580880311,86616.43136828362,86616.43136828362,"Ensemble(LR, Prophet, SARIMA, XGB, LGBM, Hybrid)"
Greece,GRC,Europe,Biomass,2025,124.70206120184083,168.22,124.70206120184083,168.22,192.80140563964844,199.0713795130398,170.33414533424718,185.81405880528766,185.81405880528766,"Ensemble(LR, Prophet, SARIMA, XGB, LGBM, Hybrid)"
Greece,GRC,Europe,Biomass,2026,133.2668460587627,168.22,133.2668460587627,168.22,238.53061935424805,199.0713795130398,178.89893019116906,224.2928727387162,224.2928727387162,"Ensemble(LR, Prophet, SARIMA, XGB, LGBM, Hybrid)"
Greece,GRC,Europe,Biomass,2027,142.15411474599242,168.22,142.15411474599242,168.22,261.6563174438477,231.3898475308415,187.78619887839878,246.22948371955147,246.22948371955147,"Ensemble(LR, Prophet, SARIMA, XGB, LGBM, Hybrid)"
Greece,GRC,Europe,Biomass,2028,151.34101231699267,168.22,151.34101231699267,168.22,321.80949661254886,231.3898475308415,196.97309644939904,296.63523044002596,296.63523044002596,"Ensemble(LR, Prophet, SARIMA, XGB, LGBM, Hybrid)"
Greece,GRC,Europe,Biomass,2029,160.82665309423453,168.22,160.82665309423453,168.22,370.31114837646487,306.69778217559116,206.4587372266409,342.2865571874727,342.2865571874727,"Ensemble(LR, Prophet, SARIMA, XGB, LGBM, Hybrid)"
Greece,GRC,Europe,Hydro,2025,3583.02749029787,3577.2432432432433,3583.02749029787,3506.226746056921,3492.538215637207,3545.7445234181805,3464.5523102015363,3504.31810304021,3504.31810304021,"Ensemble(LR, Prophet, SARIMA, XGB, LGBM, Hybrid)"
Greece,GRC,Europe,Hydro,2026,3607.0396108657537,3607.6216216216217,3607.0396108657537,3521.4273851047583,3663.991600036621,4189.281723588463,3488.56443076942,3618.1188938791797,3618.1188938791797,"Ensemble(LR, Prophet, SARIMA, XGB, LGBM, Hybrid)"
Greece,GRC,Europe,Hydro,2027,3631.032364235415,3638.810810810811,3631.032364235415,3536.485171121577,3889.662208557129,4602.166270683431,3512.5571841390815,3765.6772246528267,3765.6772246528267,"Ensemble(LR, Prophet, SARIMA, XGB, LGBM, Hybrid)"
Greece,GRC,Europe,Hydro,2028,3655.003386575812,3670.810810810811,3655.003386575812,3551.400572525594,4014.02254486084,4607.3924027587755,3536.5282064794783,3850.2559256136774,3850.2559256136774,"Ensemble(LR, Prophet, SARIMA, XGB, LGBM, Hybrid)"
Greece,GRC,Europe,Hydro,2029,3679.015895466992,3703.6216216216217,3679.015895466992,3566.174081726014,4178.098976135254,4825.0668096622285,3560.5407153706583,3959.572812546829,3959.572812546829,"Ensemble(LR, Prophet, SARIMA, XGB, LGBM, Hybrid)"
Greece,GRC,Europe,Solar,2025,6888.000734268924,9268.65,6888.000734268924,9268.65,12184.535986328125,12648.845961844072,9268.65,12648.845960450211,12648.845960450211,"Ensemble(LR, Prophet, SARIMA, XGB, LGBM, Hybrid)"
Greece,GRC,Europe,Solar,2026,7515.559412414989,9268.65,7515.559412414989,9268.65,14401.547705078125,13109.806062452388,9268.65,13109.806061239657,13109.806061239657,"Ensemble(LR, Prophet, SARIMA, XGB, LGBM, Hybrid)"
Greece,GRC,Europe,Solar,2027,8132.71720164161,9268.65,8132.71720164161,9268.65,16021.608251953125,13680.063011755878,9268.65,13680.063010632011,13680.063010632011,"Ensemble(LR, Prophet, SARIMA, XGB, LGBM, Hybrid)"
Greece,GRC,Europe,Solar,2028,8729.805941185074,9268.65,8729.805941185074,9268.65,16782.860693359376,13725.80504763474,9268.65,13725.805046670483,13725.805046670483,"Ensemble(LR, Prophet, SARIMA, XGB, LGBM, Hybrid)"
Greece,GRC,Europe,Solar,2029,9299.923958989113,9268.65,9299.923958989113,9268.65,17487.922277832033,13725.80504763474,9651.03187780274,13725.80504683676,13725.80504683676,"Ensemble(LR, Prophet, SARIMA, XGB, LGBM, Hybrid)"
Greece,GRC,Europe,Wind,2025,5994.047060879195,5991.476576576576,5994.047060879195,6017.414127226639,5585.227114868164,5543.488683896172,6047.853762999692,5633.999866660469,5633.999866660469,"Ensemble(LR, Prophet, SARIMA, XGB, LGBM, Hybrid)"
Greece,GRC,Europe,Wind,2026,6428.225360610362,6454.421621621622,6428.225360610362,6485.146030697129,5932.621829223633,5756.098811340061,6482.032062730859,5891.570572530447,5891.570572530447,"Ensemble(LR, Prophet, SARIMA, XGB, LGBM, Hybrid)"
Greece,GRC,Europe,Wind,2027,6848.726094386453,6935.233033033033,6848.726094386453,6969.035557762623,6163.075610351562,5902.148757469953,6902.53279650695,6095.730222630697,6095.730222630697,"Ensemble(LR, Prophet, SARIMA, XGB, LGBM, Hybrid)"
Greece,GRC,Europe,Wind,2028,7250.765398854855,7433.91081081081,7250.765398854855,7468.223323138481,6469.39058227539,6207.884885484914,7304.572100975352,6430.155513990945,6430.155513990945,"Ensemble(LR, Prophet, SARIMA, XGB, LGBM, Hybrid)"
Greece,GRC,Europe,Wind,2029,7631.451894147436,7950.454954954955,7631.451894147436,7981.791024845184,6801.679705810547,6348.189876220546,7685.258596267933,6629.9275488119765,6629.9275488119765,"Ensemble(LR, Prophet, SARIMA, XGB, LGBM, Hybrid)"
India,IND,Asia,Biomass,2025,23007.585490805654,17342.393081081078,23007.585490805654,19583.35374836668,11935.134189453125,12271.607150718435,23408.149981044826,12559.22880403823,12559.22880403823,"Ensemble(LR, Prophet, SARIMA, XGB, LGBM, Hybrid)"
India,IND,Asia,Biomass,2026,25240.917340339976,18714.877040540538,25240.917340339976,21525.30765281128,12673.710910644531,12963.755831572185,25641.48183057915,13365.458554188745,13365.458554188745,"Ensemble(LR, Prophet, SARIMA, XGB, LGBM, Hybrid)"
India,IND,Asia,Biomass,2027,27479.194043950476,20140.60627027027,27479.194043950476,23576.1860937063,13250.850559082031,13575.3216387256,27879.75853418965,14039.361163298487,14039.361163298487,"Ensemble(LR, Prophet, SARIMA, XGB, LGBM, Hybrid)"
India,IND,Asia,Biomass,2028,29688.327433661358,21619.58077027027,29688.327433661358,25734.59004081065,13863.366306152344,13917.286619454359,30088.89192390053,14731.058011619787,14731.058011619787,"Ensemble(LR, Prophet, SARIMA, XGB, LGBM, Hybrid)"
India,IND,Asia,Biomass,2029,31841.750606377427,23151.800540540542,31841.750606377427,27998.576336711947,14586.885532226563,14758.863806951138,32242.3150966166,15552.262940504363,15552.262940504363,"Ensemble(LR, Prophet, SARIMA, XGB, LGBM, Hybrid)"
India,IND,Asia,Hydro,2025,53133.45286794114,51337.69672072071,53133.45286794114,49990.596669259685,48059.67615966797,48309.89501375062,52941.747960035864,48914.873658841476,48914.873658841476,"Ensemble(LR, Prophet, SARIMA, XGB, LGBM, Hybrid)"
India,IND,Asia,Hydro,2026,54230.09688016247,52280.68027702702,54230.09688016247,50630.990077800765,48402.228527832034,49197.83362145941,54038.391972257195,49398.156693864825,49398.156693864825,"Ensemble(LR, Prophet, SARIMA, XGB, LGBM, Hybrid)"
India,IND,Asia,Hydro,2027,55316.29972469175,53214.80595795795,55316.29972469175,51242.39743693666,48915.183911132815,50147.97955203499,55124.59481678648,49978.34486148182,49978.34486148182,"Ensemble(LR, Prophet, SARIMA, XGB, LGBM, Hybrid)"
India,IND,Asia,Hydro,2028,56390.88187989053,54140.07376351351,56390.88187989053,51825.719514094926,49870.5211303711,50715.592623542456,56199.17697198525,50824.864300570815,50824.864300570815,"Ensemble(LR, Prophet, SARIMA, XGB, LGBM, Hybrid)"
India,IND,Asia,Hydro,2029,57455.60806417375,55056.483693693684,57455.60806417375,52381.87669709551,50469.628918457034,51234.80740260227,57263.903156268476,51441.24521027797,51441.24521027797,"Ensemble(LR, Prophet, SARIMA, XGB, LGBM, Hybrid)"
India,IND,Asia,Solar,2025,143964.80260722182,97576.32,143964.80260722182,1570884.606134174,124788.92546875,135049.87112675488,131035.66453814307,135049.8711197261,135049.8711197261,"Ensemble(LR, Prophet, SARIMA, XGB, LGBM, Hybrid)"
India,IND,Asia,Solar,2026,154573.6761373308,97576.32,154573.6761373308,3116252.0720726056,156089.032890625,171533.01171334926,141644.53806825206,171533.01170044803,171533.01170044803,"Ensemble(LR, Prophet, SARIMA, XGB, LGBM, Hybrid)"
India,IND,Asia,Solar,2027,162040.67741978783,97576.32,162040.67741978783,6280552.889739329,190574.978203125,193436.4133254475,149111.5393507091,193436.41331109617,193436.41331109617,"Ensemble(LR, Prophet, SARIMA, XGB, LGBM, Hybrid)"
India,IND,Asia,Solar,2028,167088.04935994928,106828.53872246288,167088.04935994928,12864685.83014718,228288.653984375,218266.7513898844,154158.91129087054,218266.75137332914,218266.75137332914,"Ensemble(LR, Prophet, SARIMA, XGB, LGBM, Hybrid)"
India,IND,Asia,Solar,2029,170414.55212466084,116959.56747718682,170414.55212466084,26791632.216870558,262992.470390625,239796.81816562213,157485.4140555821,239796.8181474236,239796.8181474236,"Ensemble(LR, Prophet, SARIMA, XGB, LGBM, Hybrid)"
India,IND,Asia,Wind,2025,62275.53258776846,60844.36733333334,62275.53258776846,54038.723128598846,50623.30721679688,49915.99475298801,61814.23570316796,51269.309146728556,51269.309146728556,"Ensemble(LR, Prophet, SARIMA, XGB, LGBM, Hybrid)"
India,IND,Asia,Wind,2026,66254.75476234856,65289.293000000005,66254.75476234856,56509.25461388132,53350.37533203125,52465.63096807809,65793.45787774805,53917.903598966266,53917.903598966266,"Ensemble(LR, Prophet, SARIMA, XGB, LGBM, Hybrid)"
India,IND,Asia,Wind,2027,70133.2986374405,69892.80755555557,70133.2986374405,58877.424993843204,55847.16732421875,54115.454593573406,69672.00175283999,55815.25158545347,55815.25158545347,"Ensemble(LR, Prophet, SARIMA, XGB, LGBM, Hybrid)"
India,IND,Asia,Wind,2028,73876.30466553668,74654.91100000001,73876.30466553668,61139.54621834991,58962.24862304688,55061.66412197189,73415.00778093617,57117.99545438214,57117.99545438214,"Ensemble(LR, Prophet, SARIMA, XGB, LGBM, Hybrid)"
India,IND,Asia,Wind,2029,77463.5554928891,79575.60333333333,77463.5554928891,63293.43462066135,61475.8250390625,56532.2216506616,77002.2586082886,58823.75647004956,58823.75647004956,"Ensemble(LR, Prophet, SARIMA, XGB, LGBM, Hybrid)"
Italy,ITA,Europe,Biomass,2025,4027.6358411006986,4528.288072072072,4027.6358411006986,3367.9300000000003,3407.6659161376956,3653.4906810664233,4061.686203141976,3548.3071476225796,3548.3071476225796,"Ensemble(LR, Prophet, SARIMA, XGB, LGBM, Hybrid)"
Italy,ITA,Europe,Biomass,2026,4103.14452195135,4715.763452702703,4103.14452195135,3367.9300000000003,3495.296737365723,4647.130830092597,4137.194883992627,3705.2092814966286,3705.2092814966286,"Ensemble(LR, Prophet, SARIMA, XGB, LGBM, Hybrid)"
Italy,ITA,Europe,Biomass,2027,4179.62817748933,4905.653795795796,4179.62817748933,3367.9300000000003,3653.200545959473,4960.165210859996,4213.678539530607,3876.633195483268,3876.633195483268,"Ensemble(LR, Prophet, SARIMA, XGB, LGBM, Hybrid)"
Italy,ITA,Europe,Biomass,2028,4257.082959976822,5097.959101351352,4257.082959976822,3367.9300000000003,3811.0417477416995,5453.498650972769,4291.1333220180995,4059.8458810093234,4059.8458810093234,"Ensemble(LR, Prophet, SARIMA, XGB, LGBM, Hybrid)"
Italy,ITA,Europe,Biomass,2029,4335.720523105881,5292.67936936937,4335.720523105881,3367.9300000000003,3969.7311398315433,5716.062462897554,4369.770885147158,4229.21648058443,4229.21648058443,"Ensemble(LR, Prophet, SARIMA, XGB, LGBM, Hybrid)"
Italy,ITA,Europe,Hydro,2025,19246.433909399188,19315.443405405404,19246.433909399188,19207.427613265143,18975.66659992218,18969.43,19191.052238055152,19073.32047181996,19073.32047181996,"Ensemble(LR, Prophet, SARIMA, XGB, LGBM, Hybrid)"
Italy,ITA,Europe,Hydro,2026,19347.175884138407,19436.8774527027,19347.175884138407,19304.39381119953,19032.95624988556,19006.022892181805,19291.79421279437,19147.883921704964,19147.883921704964,"Ensemble(LR, Prophet, SARIMA, XGB, LGBM, Hybrid)"
Italy,ITA,Europe,Hydro,2027,19447.87401461419,19558.972018018016,19447.87401461419,19400.187979725077,19240.276302986145,19571.257213882902,19392.492343270154,19315.492931165165,19315.492931165165,"Ensemble(LR, Prophet, SARIMA, XGB, LGBM, Hybrid)"
Italy,ITA,Europe,Hydro,2028,19548.522409358,19681.72710135135,19548.522409358,19494.816250176216,19581.25164478302,19805.99753935434,19493.140738013964,19565.96401056753,19565.96401056753,"Ensemble(LR, Prophet, SARIMA, XGB, LGBM, Hybrid)"
Italy,ITA,Europe,Hydro,2029,19649.390703446297,19805.142702702702,19649.390703446297,19588.28501100503,19939.27819507599,19805.99753935434,19594.00903210226,19826.771842073922,19826.771842073922,"Ensemble(LR, Prophet, SARIMA, XGB, LGBM, Hybrid)"
Italy,ITA,Europe,Solar,2025,25509.94623449499,36013.12,25509.94623449499,36013.12,40641.02771484375,39453.84216964969,36013.12,39453.84216782978,39453.84216782978,"Ensemble(LR, Prophet, SARIMA, XGB, LGBM, Hybrid)"
Italy,ITA,Europe,Solar,2026,26279.640840922257,36013.12,26279.640840922257,36013.12,44417.03357421875,42284.69551115162,36013.12,42284.6955091565,42284.6955091565,"Ensemble(LR, Prophet, SARIMA, XGB, LGBM, Hybrid)"
Italy,ITA,Europe,Solar,2027,27064.46086879956,36774.07224624625,27064.46086879956,36013.12,46632.83166992188,45403.29374942112,36013.12,45403.293747017015,45403.293747017015,"Ensemble(LR, Prophet, SARIMA, XGB, LGBM, Hybrid)"
Italy,ITA,Europe,Solar,2028,27864.22025013987,39110.386885135136,27864.22025013987,36013.12,48202.85522949219,45909.393498739286,36013.12,45909.393496654004,45909.393496654004,"Ensemble(LR, Prophet, SARIMA, XGB, LGBM, Hybrid)"
Italy,ITA,Europe,Solar,2029,28680.953252783627,41517.29693693694,28680.953252783627,36013.12,49130.565617675784,46204.00201868434,36013.12,46204.002016925864,46204.002016925864,"Ensemble(LR, Prophet, SARIMA, XGB, LGBM, Hybrid)"
Italy,ITA,Europe,Wind,2025,13204.101282597814,14936.848630630628,13204.101282597814,12992.3,13539.770458984374,13812.777954953248,13330.21579214904,13644.846735821347,13644.846735821347,"Ensemble(LR, Prophet, SARIMA, XGB, LGBM, Hybrid)"
Italy,ITA,Europe,Wind,2026,13652.819765591368,15698.574648648646,13652.819765591368,12992.3,14204.106518554687,14858.749976376977,13778.934275142594,14557.135723000683,14557.135723000683,"Ensemble(LR, Prophet, SARIMA, XGB, LGBM, Hybrid)"
Italy,ITA,Europe,Wind,2027,14105.366948147966,16475.203879879875,14105.366948147966,13096.723968163878,14845.625073242187,15726.372868972425,14231.481457699192,15322.390732437816,15322.390732437816,"Ensemble(LR, Prophet, SARIMA, XGB, LGBM, Hybrid)"
Italy,ITA,Europe,Wind,2028,14561.034500700818,17266.73632432432,14561.034500700818,13304.26901249358,15466.272351074218,16250.038350292889,14687.149010252044,15805.90942466312,15805.90942466312,"Ensemble(LR, Prophet, SARIMA, XGB, LGBM, Hybrid)"
Italy,ITA,Europe,Wind,2029,15020.351478240756,18073.171981981977,15020.351478240756,13494.604484664897,16022.530407714843,16655.774686363024,15146.465987791982,16191.818896425908,16191.818896425908,"Ensemble(LR, Prophet, SARIMA, XGB, LGBM, Hybrid)"
Japan,JPN,Asia,Biomass,2025,3121.859672511497,6223.24,3121.859672511497,6223.24,6862.237924804687,6557.479271774143,6223.24,6674.863791057102,6674.863791057102,"Ensemble(LR, Prophet, SARIMA, XGB, LGBM, Hybrid)"
Japan,JPN,Asia,Biomass,2026,3289.0973566219936,6223.24,3289.0973566219936,6223.24,7516.062021484375,7362.813140051906,6223.24,7318.3300972010675,7318.3300972010675,"Ensemble(LR, Prophet, SARIMA, XGB, LGBM, Hybrid)"
Japan,JPN,Asia,Biomass,2027,3462.595063308308,6322.803831831832,3462.595063308308,6223.24,7805.707407226562,7844.295999452982,6223.24,7642.952386699251,7642.952386699251,"Ensemble(LR, Prophet, SARIMA, XGB, LGBM, Hybrid)"
Japan,JPN,Asia,Biomass,2028,3642.301733131302,6835.320054054054,3642.301733131302,6223.24,8243.133463134765,8494.617809682097,6223.24,8102.408617268993,8102.408617268993,"Ensemble(LR, Prophet, SARIMA, XGB, LGBM, Hybrid)"
Japan,JPN,Asia,Biomass,2029,3828.6513370953403,7367.294774774775,3828.6513370953403,6223.24,8895.639383544922,9348.483734900312,6223.24,8754.407382420452,8754.407382420452,"Ensemble(LR, Prophet, SARIMA, XGB, LGBM, Hybrid)"
Japan,JPN,Asia,Hydro,2025,28177.627784877557,28234.05,28177.627784877557,28234.05,28313.851628112792,28493.095409409307,28738.130741327655,28244.04234055565,28244.04234055565,"Ensemble(LR, Prophet, SARIMA, XGB, LGBM, Hybrid)"
Japan,JPN,Asia,Hydro,2026,28217.48130447279,28234.05,28217.48130447279,28234.05,28426.562794494628,29087.74720524394,28777.984260922887,28314.14809271246,28314.14809271246,"Ensemble(LR, Prophet, SARIMA, XGB, LGBM, Hybrid)"
Japan,JPN,Asia,Hydro,2027,28257.33459782707,28234.05,28257.33459782707,28234.05,28572.750065612792,29311.65120093193,28817.83755427717,28405.075821984443,28405.075821984443,"Ensemble(LR, Prophet, SARIMA, XGB, LGBM, Hybrid)"
Japan,JPN,Asia,Hydro,2028,28297.18750530741,28234.05,28297.18750530741,28234.05,28748.05673675537,29441.754288364697,28857.69046175751,28514.11567002375,28514.11567002375,"Ensemble(LR, Prophet, SARIMA, XGB, LGBM, Hybrid)"
Japan,JPN,Asia,Hydro,2029,28337.149050944696,28234.05,28337.149050944696,28234.05,28924.57725982666,29441.754288364697,28897.652007394794,28623.91052794581,28623.91052794581,"Ensemble(LR, Prophet, SARIMA, XGB, LGBM, Hybrid)"
Japan,JPN,Asia,Solar,2025,134967.1982145894,123776.35333333333,134967.1982145894,99741.34435698445,92895.03434570313,93241.88090012304,134610.7625878775,93241.88090727967,93241.88090727967,"Ensemble(LR, Prophet, SARIMA, XGB, LGBM, Hybrid)"
Japan,JPN,Asia,Solar,2026,148877.4971227758,135746.055,148877.4971227758,104465.444653638,97746.32047851563,98604.89035697358,148521.0614960639,98604.89036559466,98604.89036559466,"Ensemble(LR, Prophet, SARIMA, XGB, LGBM, Hybrid)"
Japan,JPN,Asia,Solar,2027,162930.86573850937,148250.70222222223,162930.86573850937,108777.95136262229,105413.79215820313,103896.18418832593,162574.43011179747,103896.1841987824,103896.1841987824,"Ensemble(LR, Prophet, SARIMA, XGB, LGBM, Hybrid)"
Japan,JPN,Asia,Solar,2028,176906.23743243734,161290.295,176906.23743243734,112693.319211981,113171.40202148438,108049.47063106665,176549.80180572544,108049.47064375464,108049.47064375464,"Ensemble(LR, Prophet, SARIMA, XGB, LGBM, Hybrid)"
Japan,JPN,Asia,Solar,2029,190624.2918936123,174864.83333333334,190624.2918936123,116231.2165391788,119758.42643554688,112686.9096750955,190267.8562669004,112686.90968978051,112686.90968978051,"Ensemble(LR, Prophet, SARIMA, XGB, LGBM, Hybrid)"
Japan,JPN,Asia,Wind,2025,5402.566869067417,5858.04,5402.566869067417,5858.04,6628.949423828125,6611.795785960723,5858.04,6220.240465857557,6220.240465857557,"Ensemble(LR, Prophet, SARIMA, XGB, LGBM, Hybrid)"
Japan,JPN,Asia,Wind,2026,5673.014524033351,5858.04,5673.014524033351,5858.04,7277.909567871094,7194.253157610828,5858.04,6713.815258792388,6713.815258792388,"Ensemble(LR, Prophet, SARIMA, XGB, LGBM, Hybrid)"
Japan,JPN,Asia,Wind,2027,5944.525559870639,5919.904726726726,5944.525559870639,5858.04,8076.321921386719,7893.168084387855,6022.110009925174,7302.412744712553,7302.412744712553,"Ensemble(LR, Prophet, SARIMA, XGB, LGBM, Hybrid)"
Japan,JPN,Asia,Wind,2028,6215.962659989223,6178.460587837837,6215.962659989223,5858.04,8726.272482910157,8461.028647960991,6293.547110043758,7784.4760706504685,7784.4760706504685,"Ensemble(LR, Prophet, SARIMA, XGB, LGBM, Hybrid)"
Japan,JPN,Asia,Wind,2029,6486.927400467078,6439.789009009009,6486.927400467078,5858.04,9498.19936279297,8984.622836983603,6564.511850521613,8230.582885796008,8230.582885796008,"Ensemble(LR, Prophet, SARIMA, XGB, LGBM, Hybrid)"
Mexico,MEX,Americas,Biomass,2025,1433.8576550632038,1232.6005945945944,1433.8576550632038,889.88,910.7027214813232,949.568415421498,1488.1212893805,949.0643208022829,949.0643208022829,"Ensemble(LR, Prophet, SARIMA, XGB, LGBM, Hybrid)"
Mexico,MEX,Americas,Biomass,2026,1529.7024897956248,1299.2380472972973,1529.7024897956248,889.88,1090.1649864959718,1698.3473422405555,1583.966124112921,1152.4929663339833,1152.4929663339833,"Ensemble(LR, Prophet, SARIMA, XGB, LGBM, Hybrid)"
Mexico,MEX,Americas,Biomass,2027,1628.392098065606,1367.6966486486485,1628.392098065606,889.88,1383.0088890838624,1904.5671834456307,1682.6557323829022,1414.7754910267802,1414.7754910267802,"Ensemble(LR, Prophet, SARIMA, XGB, LGBM, Hybrid)"
Mexico,MEX,Americas,Biomass,2028,1729.5617581941035,1437.9763986486485,1729.5617581941035,889.88,1657.8165673065187,2108.361809684435,1783.8253925113997,1662.2362753741802,1662.2362753741802,"Ensemble(LR, Prophet, SARIMA, XGB, LGBM, Hybrid)"
Mexico,MEX,Americas,Biomass,2029,1833.0892182012967,1510.0772972972973,1833.0892182012967,889.88,1927.8216027069093,2349.404908637135,1887.352852518593,1908.3312404168378,1908.3312404168378,"Ensemble(LR, Prophet, SARIMA, XGB, LGBM, Hybrid)"
Mexico,MEX,Americas,Hydro,2025,14175.031251675375,14581.81818018018,14175.031251675375,13537.111267757564,12973.925786743164,12850.414644376475,14017.348981097648,13283.985516427963,13283.985516427963,"Ensemble(LR, Prophet, SARIMA, XGB, LGBM, Hybrid)"
Mexico,MEX,Americas,Hydro,2026,14356.606825457706,14848.689006756758,14356.606825457706,13599.77802928859,13484.057561645508,13596.956660188953,14198.924554879979,13643.96712222685,13643.96712222685,"Ensemble(LR, Prophet, SARIMA, XGB, LGBM, Hybrid)"
Mexico,MEX,Americas,Hydro,2027,14537.685118922911,15120.103489489491,14537.685118922911,13658.925529807508,13727.395940551758,14130.785975374896,14380.002848345184,13837.424275308858,13837.424275308858,"Ensemble(LR, Prophet, SARIMA, XGB, LGBM, Hybrid)"
Mexico,MEX,Americas,Hydro,2028,14718.197479950015,15396.061628378378,14718.197479950015,13714.736311804154,13922.597036132813,14419.28402424959,14560.515209372288,14000.411976697082,14000.411976697082,"Ensemble(LR, Prophet, SARIMA, XGB, LGBM, Hybrid)"
Mexico,MEX,Americas,Hydro,2029,14898.568013328066,15676.563423423424,14898.568013328066,13767.385232765333,14466.837697753906,14759.97520297161,14740.885742750339,14380.022017808124,14380.022017808124,"Ensemble(LR, Prophet, SARIMA, XGB, LGBM, Hybrid)"
Mexico,MEX,Americas,Solar,2025,30747.03641124882,14457.367513513516,30747.03641124882,38926159.732625544,13105.623530273437,12444.88390378324,31657.139579428884,12444.883905971996,12444.883905971996,"Ensemble(LR, Prophet, SARIMA, XGB, LGBM, Hybrid)"
Mexico,MEX,Americas,Solar,2026,31039.238103929107,16110.252256756761,31039.238103929107,367158101.33051306,13792.84905517578,12839.62981939767,31949.34127210917,12839.629821731258,12839.629821731258,"Ensemble(LR, Prophet, SARIMA, XGB, LGBM, Hybrid)"
Mexico,MEX,Americas,Solar,2027,31157.052786985623,17844.423711711715,31157.052786985623,4736777352.893048,14959.63177001953,13565.480178764365,32067.155955165686,13565.48018118209,13565.48018118209,"Ensemble(LR, Prophet, SARIMA, XGB, LGBM, Hybrid)"
Mexico,MEX,Americas,Solar,2028,31204.179235751835,19659.881878378383,31204.179235751835,87320067996.50867,15884.384821777343,14090.104485376103,32114.2824039319,14090.104487915198,14090.104487915198,"Ensemble(LR, Prophet, SARIMA, XGB, LGBM, Hybrid)"
Mexico,MEX,Americas,Solar,2029,31223.001405386793,21556.626756756763,31223.001405386793,2417567518281.418,16708.985651855466,14479.132710890306,32133.104573566856,14479.132713586736,14479.132713586736,"Ensemble(LR, Prophet, SARIMA, XGB, LGBM, Hybrid)"
Mexico,MEX,Americas,Wind,2025,13425.08305503995,12967.889747747751,13425.08305503995,26482.84929209626,7778.559263916016,7932.738871454461,13111.505134541836,10378.137601734423,10378.137601734423,"Ensemble(LR, Prophet, SARIMA, XGB, LGBM, Hybrid)"
Mexico,MEX,Americas,Wind,2026,14456.480126775281,14239.540790540545,14456.480126775281,32891.39524159823,8543.204954833986,9077.723932279212,14142.902206277167,12097.71384119378,12097.71384119378,"Ensemble(LR, Prophet, SARIMA, XGB, LGBM, Hybrid)"
Mexico,MEX,Americas,Wind,2027,15370.63191805986,15568.490714714719,15370.63191805986,40670.67775528679,9065.09112426758,10039.339136188519,15057.053997561747,13811.08240311252,13811.08240311252,"Ensemble(LR, Prophet, SARIMA, XGB, LGBM, Hybrid)"
Mexico,MEX,Americas,Wind,2028,16161.789273456116,16954.739520270276,16161.789273456116,50072.7308829026,9512.77780029297,10626.994727483021,15848.211352958002,15390.619974358211,15390.619974358211,"Ensemble(LR, Prophet, SARIMA, XGB, LGBM, Hybrid)"
Mexico,MEX,Americas,Wind,2029,16834.182410452955,18398.287207207213,16834.182410452955,61387.549601488536,10233.834990234376,11089.863395695864,16520.60448995484,17071.565027156015,17071.565027156015,"Ensemble(LR, Prophet, SARIMA, XGB, LGBM, Hybrid)"
Netherlands (Kingdom of the),NLD,Europe,Biomass,2025,923.1022547282121,1003.6658378378378,923.1022547282121,873.87,925.9474955749512,880.8503352854723,947.5443887850575,931.7129496719228,931.7129496719228,"Ensemble(LR, Prophet, SARIMA, XGB, LGBM, Hybrid)"
Netherlands (Kingdom of the),NLD,Europe,Biomass,2026,939.3053047888336,1035.991168918919,939.3053047888336,873.87,1037.8956919860839,1073.5386920055644,963.7474388456791,1039.9709911886455,1039.9709911886455,"Ensemble(LR, Prophet, SARIMA, XGB, LGBM, Hybrid)"
Netherlands (Kingdom of the),NLD,Europe,Biomass,2027,955.707591209459,1068.5334594594594,955.707591209459,873.87,1177.394761199951,1565.964295599828,980.1497252663045,1190.202718255843,1190.202718255843,"Ensemble(LR, Prophet, SARIMA, XGB, LGBM, Hybrid)"
Netherlands (Kingdom of the),NLD,Europe,Biomass,2028,972.3085866834188,1101.2927094594595,972.3085866834188,873.87,1262.801957244873,1612.6975508225971,996.7507207402642,1267.2616206314144,1267.2616206314144,"Ensemble(LR, Prophet, SARIMA, XGB, LGBM, Hybrid)"
Netherlands (Kingdom of the),NLD,Europe,Biomass,2029,989.1539455629949,1134.2689189189189,989.1539455629949,873.87,1359.0817805480956,1735.3803497710499,1013.5960796198403,1358.1823794426741,1358.1823794426741,"Ensemble(LR, Prophet, SARIMA, XGB, LGBM, Hybrid)"
Netherlands (Kingdom of the),NLD,Europe,Hydro,2025,37.00000000000001,37.7,37.00000000000001,37.7,37.7,37.7,37.7,37.7,37.7,"Ensemble(LR, Prophet, SARIMA, XGB, LGBM, Hybrid)"
Netherlands (Kingdom of the),NLD,Europe,Hydro,2026,37.00000000000001,37.7,37.00000000000001,37.7,37.7,37.7,37.7,37.7,37.7,"Ensemble(LR, Prophet, SARIMA, XGB, LGBM, Hybrid)"
Netherlands (Kingdom of the),NLD,Europe,Hydro,2027,37.000000000000014,37.7,37.000000000000014,37.7,37.7,44.889293065023615,37.7,37.7,37.7,"Ensemble(LR, Prophet, SARIMA, XGB, LGBM, Hybrid)"
Netherlands (Kingdom of the),NLD,Europe,Hydro,2028,37.000000000000014,37.7,37.000000000000014,37.7,37.7,107.13414731033289,37.7,37.7,37.7,"Ensemble(LR, Prophet, SARIMA, XGB, LGBM, Hybrid)"
Netherlands (Kingdom of the),NLD,Europe,Hydro,2029,37.000000000000014,37.7,37.000000000000014,37.7,37.7,410.73177273361665,37.7,37.7,37.7,"Ensemble(LR, Prophet, SARIMA, XGB, LGBM, Hybrid)"
Netherlands (Kingdom of the),NLD,Europe,Solar,2025,28764.815245601498,24048.44,28764.815245601498,62838.43329654325,25643.333920898436,24048.44,27858.130409016387,24048.44,24048.44,"Ensemble(LR, Prophet, SARIMA, XGB, LGBM, Hybrid)"
Netherlands (Kingdom of the),NLD,Europe,Solar,2026,31115.39198458118,24048.44,31115.39198458118,84094.53763251098,26531.660886230467,24867.850389988147,30208.70714799607,24867.85038995711,24867.85038995711,"Ensemble(LR, Prophet, SARIMA, XGB, LGBM, Hybrid)"
Netherlands (Kingdom of the),NLD,Europe,Solar,2027,32803.47245516889,24048.44,32803.47245516889,110668.42228217801,27112.52966064453,25415.011578472273,31896.78761858378,25415.011578684564,25415.011578684564,"Ensemble(LR, Prophet, SARIMA, XGB, LGBM, Hybrid)"
Netherlands (Kingdom of the),NLD,Europe,Solar,2028,33963.838792614486,24048.44,33963.838792614486,143354.9918051196,27815.11608642578,25415.011578472273,33057.153956029375,25415.011579059705,25415.011579059705,"Ensemble(LR, Prophet, SARIMA, XGB, LGBM, Hybrid)"
Netherlands (Kingdom of the),NLD,Europe,Solar,2029,34739.35666736171,24048.44,34739.35666736171,182949.21858338357,28530.717404785155,25415.011578472273,33832.6718307766,25415.011579405913,25415.011579405913,"Ensemble(LR, Prophet, SARIMA, XGB, LGBM, Hybrid)"
Netherlands (Kingdom of the),NLD,Europe,Wind,2025,6867.151639426829,11679.12,6867.151639426829,11679.12,12612.045659179688,12893.386013314337,11679.12,11679.12,11679.12,"Ensemble(LR, Prophet, SARIMA, XGB, LGBM, Hybrid)"
Netherlands (Kingdom of the),NLD,Europe,Wind,2026,7238.104902981513,11679.12,7238.104902981513,11679.12,13492.691411132813,14551.38363207192,11679.12,13009.131540919501,13009.131540919501,"Ensemble(LR, Prophet, SARIMA, XGB, LGBM, Hybrid)"
Netherlands (Kingdom of the),NLD,Europe,Wind,2027,7605.952533268906,11679.12,7605.952533268906,11679.12,14340.553715820313,16163.91872029979,11679.12,14362.665676553046,14362.665676553046,"Ensemble(LR, Prophet, SARIMA, XGB, LGBM, Hybrid)"
Netherlands (Kingdom of the),NLD,Europe,Wind,2028,7968.523251462911,11679.12,7968.523251462911,11679.12,14919.274357910157,17909.378296827945,11679.12,15823.063847066438,15823.063847066438,"Ensemble(LR, Prophet, SARIMA, XGB, LGBM, Hybrid)"
Netherlands (Kingdom of the),NLD,Europe,Wind,2029,8324.732198454272,11679.12,8324.732198454272,11679.12,15632.27252685547,19324.883410245857,11679.12,17013.56869529177,17013.56869529177,"Ensemble(LR, Prophet, SARIMA, XGB, LGBM, Hybrid)"
Norway,NOR,Europe,Biomass,2025,74.74033557643202,82.80000000000001,74.74033557643202,82.80000000000001,117.62233428955079,233.13609608511953,82.80000000000001,120.89948650005968,120.89948650005968,"Ensemble(LR, Prophet, SARIMA, XGB, LGBM, Hybrid)"
Norway,NOR,Europe,Biomass,2026,71.49141971824336,82.80000000000001,71.49141971824336,82.80000000000001,130.940682220459,636.4286546155106,82.80000000000001,157.76175323779344,157.76175323779344,"Ensemble(LR, Prophet, SARIMA, XGB, LGBM, Hybrid)"
Norway,NOR,Europe,Biomass,2027,68.3682277824407,82.80000000000001,68.3682277824407,82.80000000000001,156.81826095581056,668.8455277673183,82.80000000000001,181.17562069568018,181.17562069568018,"Ensemble(LR, Prophet, SARIMA, XGB, LGBM, Hybrid)"
Norway,NOR,Europe,Biomass,2028,65.36722939274446,82.80000000000001,65.36722939274446,82.80000000000001,189.45638732910157,720.2856951272605,82.80000000000001,211.38374915872186,211.38374915872186,"Ensemble(LR, Prophet, SARIMA, XGB, LGBM, Hybrid)"
Norway,NOR,Europe,Biomass,2029,62.477138488981964,82.80000000000001,62.477138488981964,82.80000000000001,238.85124664306642,720.2856951272605,82.80000000000001,252.10473687434418,252.10473687434418,"Ensemble(LR, Prophet, SARIMA, XGB, LGBM, Hybrid)"
Norway,NOR,Europe,Hydro,2025,34717.02577805307,35500.526126126126,34717.02577805307,35663.610510197796,34913.37907409668,35242.912362568466,34883.87911362876,35181.80122728773,35181.80122728773,"Ensemble(LR, Prophet, SARIMA, XGB, LGBM, Hybrid)"
Norway,NOR,Europe,Hydro,2026,35041.68568193748,36003.52972972973,35041.68568193748,36245.37316543054,35302.22950744629,35907.651659164185,35208.539017513176,35636.24775104047,35636.24775104047,"Ensemble(LR, Prophet, SARIMA, XGB, LGBM, Hybrid)"
Norway,NOR,Europe,Hydro,2027,35365.90419541007,36521.50930930931,35365.90419541007,36862.71829563294,35727.341720581055,36278.60315195406,35532.757530985764,36124.78257398453,36124.78257398453,"Ensemble(LR, Prophet, SARIMA, XGB, LGBM, Hybrid)"
Norway,NOR,Europe,Hydro,2028,35689.618301096554,37054.464864864865,35689.618301096554,37518.29647487604,36190.8641204834,36500.40797936087,35856.47163667225,36649.49738344816,36649.49738344816,"Ensemble(LR, Prophet, SARIMA, XGB, LGBM, Hybrid)"
Norway,NOR,Europe,Hydro,2029,36013.649874951676,37602.3963963964,36013.649874951676,38215.00156475053,36819.29148864746,37093.55732008387,36180.50321052737,37289.896007216,37289.896007216,"Ensemble(LR, Prophet, SARIMA, XGB, LGBM, Hybrid)"
Norway,NOR,Europe,Solar,2025,623.449682309404,782.4699999999999,623.449682309404,10553.65115923684,983.442427368164,1211.2289612609848,782.9918187121021,1211.2289611153888,1211.2289611153888,"Ensemble(LR, Prophet, SARIMA, XGB, LGBM, Hybrid)"
Norway,NOR,Europe,Solar,2026,650.5093911712381,782.4699999999999,650.5093911712381,27788.162987726093,1163.669981689453,1652.079612519804,810.0515275739363,1652.0796122686038,1652.0796122686038,"Ensemble(LR, Prophet, SARIMA, XGB, LGBM, Hybrid)"
Norway,NOR,Europe,Solar,2027,666.1549971788605,782.4699999999999,666.1549971788605,79864.2906694528,1362.0068347167967,2233.5243125128454,825.6971335815587,2233.524312114917,2233.524312114917,"Ensemble(LR, Prophet, SARIMA, XGB, LGBM, Hybrid)"
Norway,NOR,Europe,Solar,2028,674.9391283592374,782.4699999999999,674.9391283592374,252542.10302361657,1584.7946307373045,2704.9224104030277,834.4812647619356,2704.9224098935365,2704.9224098935365,"Ensemble(LR, Prophet, SARIMA, XGB, LGBM, Hybrid)"
Norway,NOR,Europe,Solar,2029,679.7993913004677,782.4699999999999,679.7993913004677,886263.287372935,1769.5790545654295,2770.7431621474016,839.3415277031659,2770.7431616442286,2770.7431616442286,"Ensemble(LR, Prophet, SARIMA, XGB, LGBM, Hybrid)"
Norway,NOR,Europe,Wind,2025,5182.326500069815,5861.196396396397,5182.326500069815,5152.0,5198.608749389648,5660.523981287527,5152.0,5423.014125209074,5423.014125209074,"Ensemble(LR, Prophet, SARIMA, XGB, LGBM, Hybrid)"
Norway,NOR,Europe,Wind,2026,5666.518502045511,6445.589864864866,5666.518502045511,5152.0,5280.783981323242,6731.806563761075,5363.432149416451,6337.82835008287,6337.82835008287,"Ensemble(LR, Prophet, SARIMA, XGB, LGBM, Hybrid)"
Norway,NOR,Europe,Wind,2027,6118.195083798535,7056.610210210211,6118.195083798535,5152.0,5453.835723876953,7466.371666654021,5815.108731169475,6974.357625196916,6974.357625196916,"Ensemble(LR, Prophet, SARIMA, XGB, LGBM, Hybrid)"
Norway,NOR,Europe,Wind,2028,6529.438048971248,7694.257432432434,6529.438048971248,5152.0,5702.7620849609375,7986.555916062728,6226.351696342187,7432.056903015766,7432.056903015766,"Ensemble(LR, Prophet, SARIMA, XGB, LGBM, Hybrid)"
Norway,NOR,Europe,Wind,2029,6896.615667978241,8358.531531531533,6896.615667978241,5152.0,5946.918563842773,8253.866893930031,6593.52931534918,7679.6858709893195,7679.6858709893195,"Ensemble(LR, Prophet, SARIMA, XGB, LGBM, Hybrid)"
Pakistan,PAK,Asia,Biomass,2025,649.8338029043571,606.9283423423424,649.8338029043571,679.9130289628148,432.07,432.07,526.3238667948585,451.55347787722536,451.55347787722536,"Ensemble(LR, Prophet, SARIMA, XGB, LGBM, Hybrid)"
Pakistan,PAK,Asia,Biomass,2026,689.1306807303916,641.0035878378379,689.1306807303916,745.5281952323763,432.07,432.07,565.620744620893,455.3502901017902,455.3502901017902,"Ensemble(LR, Prophet, SARIMA, XGB, LGBM, Hybrid)"
Pakistan,PAK,Asia,Biomass,2027,729.6560204314079,676.4880300300301,729.6560204314079,821.9887925376162,432.07,450.0798375253383,606.1460843219093,460.45996307975656,460.45996307975656,"Ensemble(LR, Prophet, SARIMA, XGB, LGBM, Hybrid)"
Pakistan,PAK,Asia,Biomass,2028,771.3150987388474,713.381668918919,771.3150987388474,911.5950368887054,432.07,483.422923065796,647.8051626293488,466.71071767329596,466.71071767329596,"Ensemble(LR, Prophet, SARIMA, XGB, LGBM, Hybrid)"
Pakistan,PAK,Asia,Biomass,2029,814.1176576668661,751.6845045045046,814.1176576668661,1017.2412466514781,432.07,483.422923065796,690.6077215573675,470.9785863935987,470.9785863935987,"Ensemble(LR, Prophet, SARIMA, XGB, LGBM, Hybrid)"
Pakistan,PAK,Asia,Hydro,2025,9937.56254551508,13136.669225225227,9937.56254551508,11528.89,11852.048447265624,12041.527820376501,11528.89,11528.89,11528.89,"Ensemble(LR, Prophet, SARIMA, XGB, LGBM, Hybrid)"
Pakistan,PAK,Asia,Hydro,2026,10148.26509871587,13749.113945945948,10148.26509871587,11528.89,12024.977905883788,12102.377817227187,11528.89,11532.654913999553,11532.654913999553,"Ensemble(LR, Prophet, SARIMA, XGB, LGBM, Hybrid)"
Pakistan,PAK,Asia,Hydro,2027,10358.766184530305,14383.59052852853,10358.766184530305,11528.89,12783.204895629882,12440.085608959704,11528.89,12063.284091890919,12063.284091890919,"Ensemble(LR, Prophet, SARIMA, XGB, LGBM, Hybrid)"
Pakistan,PAK,Asia,Hydro,2028,10568.876683549186,15040.098972972975,10568.876683549186,11528.89,12901.572342529296,12494.474851854842,11528.89,12197.972647868402,12197.972647868402,"Ensemble(LR, Prophet, SARIMA, XGB, LGBM, Hybrid)"
Pakistan,PAK,Asia,Hydro,2029,10778.981975470713,15718.639279279281,10778.981975470713,11528.89,13042.886032714843,12494.474851854842,11528.89,12348.983030768657,12348.983030768657,"Ensemble(LR, Prophet, SARIMA, XGB, LGBM, Hybrid)"
Pakistan,PAK,Asia,Solar,2025,2508.621919585976,3719.2,2508.621919585976,3719.2,4350.877795410156,4060.9320498460334,3719.2,4060.932049509592,4060.932049509592,"Ensemble(LR, Prophet, SARIMA, XGB, LGBM, Hybrid)"
Pakistan,PAK,Asia,Solar,2026,2758.8188138098317,3719.2,2758.8188138098317,3719.2,5044.543139648437,4788.039894150671,3719.2,4788.039893710509,4788.039893710509,"Ensemble(LR, Prophet, SARIMA, XGB, LGBM, Hybrid)"
Pakistan,PAK,Asia,Solar,2027,2975.66877255002,3719.2,2975.66877255002,3719.2,5678.9001953125,5557.3456128936705,3719.2,5557.345612328956,5557.345612328956,"Ensemble(LR, Prophet, SARIMA, XGB, LGBM, Hybrid)"
Pakistan,PAK,Asia,Solar,2028,3156.985028208487,3719.2,3156.985028208487,3719.2,6207.456286621094,5968.513252842705,3719.2,5968.513252247849,5968.513252247849,"Ensemble(LR, Prophet, SARIMA, XGB, LGBM, Hybrid)"
Pakistan,PAK,Asia,Solar,2029,3304.4506499863724,3719.2,3304.4506499863724,3719.2,6874.644763183594,6250.067984104812,3719.2,6250.067983530275,6250.067983530275,"Ensemble(LR, Prophet, SARIMA, XGB, LGBM, Hybrid)"
Pakistan,PAK,Asia,Wind,2025,3276.8685215894957,3187.4437499999995,3276.8685215894957,7611.685300870723,2001.5055505371095,2022.1941553020729,3401.039744829001,2745.353122707584,2745.353122707584,"Ensemble(LR, Prophet, SARIMA, XGB, LGBM, Hybrid)"
Pakistan,PAK,Asia,Wind,2026,3414.333709785534,3599.3426736111105,3414.333709785534,9825.690428824682,2240.305553588867,2496.712913634745,3538.5049330250395,3387.192011197994,3387.192011197994,"Ensemble(LR, Prophet, SARIMA, XGB, LGBM, Hybrid)"
Pakistan,PAK,Asia,Wind,2027,3510.563531898735,4035.9944444444436,3510.563531898735,12533.09778203295,2394.6791802978514,2727.5332943124745,3634.7347551382404,3882.251954088335,3882.251954088335,"Ensemble(LR, Prophet, SARIMA, XGB, LGBM, Hybrid)"
Pakistan,PAK,Asia,Wind,2028,3576.4281770449975,4497.399062499999,3576.4281770449975,15805.570123293435,2559.3999444580077,2796.4340311948067,3700.5994002845027,4305.847830775675,4305.847830775675,"Ensemble(LR, Prophet, SARIMA, XGB, LGBM, Hybrid)"
Pakistan,PAK,Asia,Wind,2029,3620.916512332101,4983.556527777777,3620.916512332101,19717.41439706475,2766.6406213378905,2828.4694630548265,3745.087735571606,4768.66589969276,4768.66589969276,"Ensemble(LR, Prophet, SARIMA, XGB, LGBM, Hybrid)"
Poland,POL,Europe,Biomass,2025,2470.840573948341,1637.9430630630632,2470.840573948341,1176.29,1194.8683958435058,1176.29,2487.8472321657628,1243.0453734495081,1243.0453734495081,"Ensemble(LR, Prophet, SARIMA, XGB, LGBM, Hybrid)"
Poland,POL,Europe,Biomass,2026,2693.9622391052576,1757.2336148648649,2693.9622391052576,1176.29,1308.8235884094238,1176.29,2710.9688973226794,1350.2815970611182,1350.2815970611182,"Ensemble(LR, Prophet, SARIMA, XGB, LGBM, Hybrid)"
Poland,POL,Europe,Biomass,2027,2914.4793917759375,1880.7213213213213,2914.4793917759375,1176.29,1626.8332014465332,1201.7831587248897,2931.4860499933593,1627.8435045785438,1627.8435045785438,"Ensemble(LR, Prophet, SARIMA, XGB, LGBM, Hybrid)"
Poland,POL,Europe,Biomass,2028,3129.0911199066613,2008.4061824324326,3129.0911199066613,1176.29,1872.413996734619,1306.9295720041025,3146.0977781240836,1851.2749725449537,1851.2749725449537,"Ensemble(LR, Prophet, SARIMA, XGB, LGBM, Hybrid)"
Poland,POL,Europe,Biomass,2029,3335.3964219228083,2140.288198198198,3335.3964219228083,1176.29,2024.0857649230957,1453.3396261090081,3352.4030801402305,2000.4039921437789,2000.4039921437789,"Ensemble(LR, Prophet, SARIMA, XGB, LGBM, Hybrid)"
Poland,POL,Europe,Hydro,2025,1007.2737745930464,988.41,1007.2737745930464,988.41,988.41,988.41,1089.5492313026568,988.41,988.41,"Ensemble(LR, Prophet, SARIMA, XGB, LGBM, Hybrid)"
Poland,POL,Europe,Hydro,2026,1011.9585295880419,988.41,1011.9585295880419,988.41,993.619358215332,988.41,1094.2339862976523,988.41,988.41,"Ensemble(LR, Prophet, SARIMA, XGB, LGBM, Hybrid)"
Poland,POL,Europe,Hydro,2027,1016.6415267863388,988.41,1016.6415267863388,988.41,1070.167629394531,996.251249896044,1098.9169834959494,1033.9195914501024,1033.9195914501024,"Ensemble(LR, Prophet, SARIMA, XGB, LGBM, Hybrid)"
Poland,POL,Europe,Hydro,2028,1021.3225500555843,988.41,1021.3225500555843,988.41,1247.5612603759764,1064.5619935017883,1103.598006765195,1144.257518039191,1144.257518039191,"Ensemble(LR, Prophet, SARIMA, XGB, LGBM, Hybrid)"
Poland,POL,Europe,Hydro,2029,1026.0141991453816,988.41,1026.0141991453816,988.41,1404.5191308593749,1476.8273470329816,1108.2896558549921,1241.884506647301,1241.884506647301,"Ensemble(LR, Prophet, SARIMA, XGB, LGBM, Hybrid)"
Poland,POL,Europe,Wind,2025,7601.492822973768,10059.32,7601.492822973768,10223.95687974514,10708.6510546875,10582.998997253615,10059.32,10333.673124099494,10333.673124099494,"Ensemble(LR, Prophet, SARIMA, XGB, LGBM, Hybrid)"
Poland,POL,Europe,Wind,2026,7870.002576878665,10524.05491891892,7870.002576878665,10893.372289600382,11308.675834960937,10875.948297835295,10059.32,10666.489560158227,10666.489560158227,"Ensemble(LR, Prophet, SARIMA, XGB, LGBM, Hybrid)"
Poland,POL,Europe,Wind,2027,8140.207565931742,11305.46123723724,8140.207565931742,11532.866447869865,11826.603447265625,11015.431757522649,10059.32,10871.219376400028,10871.219376400028,"Ensemble(LR, Prophet, SARIMA, XGB, LGBM, Hybrid)"
Poland,POL,Europe,Wind,2028,8411.59746417128,12114.85145945946,8411.59746417128,12140.093611182197,12248.664757080078,11015.431757522649,10059.32,10958.943904574346,10958.943904574346,"Ensemble(LR, Prophet, SARIMA, XGB, LGBM, Hybrid)"
Poland,POL,Europe,Wind,2029,8684.398661821093,12952.225585585587,8684.398661821093,12713.553769365302,12848.007469482422,11111.720898094763,10059.32,11121.399402760295,11121.399402760295,"Ensemble(LR, Prophet, SARIMA, XGB, LGBM, Hybrid)"
Portugal,PRT,Europe,Biomass,2025,823.6005366385818,948.2849549549549,823.6005366385818,879.7380428942985,787.1224694824218,708.81,866.1404143087611,800.0539291226914,800.0539291226914,"Ensemble(LR, Prophet, SARIMA, XGB, LGBM, Hybrid)"
Portugal,PRT,Europe,Biomass,2026,850.7569449947877,993.7383108108107,850.7569449947877,910.3514785901733,922.1825280761718,708.81,893.296822664967,916.46168502786,916.46168502786,"Ensemble(LR, Prophet, SARIMA, XGB, LGBM, Hybrid)"
Portugal,PRT,Europe,Biomass,2027,878.5162237994933,1040.4742942942942,878.5162237994933,941.2051504109795,1006.8682962036132,711.3556428148083,921.0561014696726,991.6473039866265,991.6473039866265,"Ensemble(LR, Prophet, SARIMA, XGB, LGBM, Hybrid)"
Portugal,PRT,Europe,Biomass,2028,906.8726613153937,1088.4929054054053,906.8726613153937,972.2741287472976,1088.7739282226562,711.3556428148083,949.412538985573,1064.520527058794,1064.520527058794,"Ensemble(LR, Prophet, SARIMA, XGB, LGBM, Hybrid)"
Portugal,PRT,Europe,Biomass,2029,935.8993002128221,1137.794144144144,935.8993002128221,1003.5336271065343,1165.9114862060546,767.6936540728484,978.4391778830014,1137.2215602501883,1137.2215602501883,"Ensemble(LR, Prophet, SARIMA, XGB, LGBM, Hybrid)"
Portugal,PRT,Europe,Hydro,2025,7979.134366931848,9098.183531531531,7979.134366931848,8346.57,8678.562156982422,9004.152048232982,8353.593745475535,8346.57,8346.57,"Ensemble(LR, Prophet, SARIMA, XGB, LGBM, Hybrid)"
Portugal,PRT,Europe,Hydro,2026,8138.325907640705,9449.172682432432,8138.325907640705,8346.57,8924.631370849609,9204.444884732837,8512.785286184393,8501.957543417357,8501.957543417357,"Ensemble(LR, Prophet, SARIMA, XGB, LGBM, Hybrid)"
Portugal,PRT,Europe,Hydro,2027,8296.667339202917,9813.00666066066,8296.667339202917,8346.57,8997.989815063476,9252.385386141728,8671.126717746605,8581.428026088966,8581.428026088966,"Ensemble(LR, Prophet, SARIMA, XGB, LGBM, Hybrid)"
Portugal,PRT,Europe,Hydro,2028,8454.01090039487,10189.685466216217,8454.01090039487,8346.57,9200.096657104492,9252.385386141728,8828.470278938557,8742.174006540561,8742.174006540561,"Ensemble(LR, Prophet, SARIMA, XGB, LGBM, Hybrid)"
Portugal,PRT,Europe,Hydro,2029,8610.638889364604,10579.209099099098,8610.638889364604,8346.57,9375.674400634765,9253.686837836187,8985.098267908292,8887.613752297162,8887.613752297162,"Ensemble(LR, Prophet, SARIMA, XGB, LGBM, Hybrid)"
Portugal,PRT,Europe,Solar,2025,2216.1842309383633,5808.0,2216.1842309383633,5808.0,8352.6943359375,8963.559461469718,5808.0,8963.55945999882,8963.55945999882,"Ensemble(LR, Prophet, SARIMA, XGB, LGBM, Hybrid)"
Portugal,PRT,Europe,Solar,2026,2472.9267887859028,5808.0,2472.9267887859028,5808.0,11811.51953125,11967.628310909446,5808.0,11967.6283089271,11967.6283089271,"Ensemble(LR, Prophet, SARIMA, XGB, LGBM, Hybrid)"
Portugal,PRT,Europe,Solar,2027,2728.607067800905,5808.0,2728.607067800905,5808.0,14055.625,12914.073117276028,5808.0,12914.073115278821,12914.073115278821,"Ensemble(LR, Prophet, SARIMA, XGB, LGBM, Hybrid)"
Portugal,PRT,Europe,Solar,2028,2977.6184804917925,5808.0,2977.6184804917925,5808.0,15867.605834960938,13667.67836799803,5808.0,13667.678366000755,13667.678366000755,"Ensemble(LR, Prophet, SARIMA, XGB, LGBM, Hybrid)"
Portugal,PRT,Europe,Solar,2029,3215.557243410404,5808.0,3215.557243410404,5808.0,17672.903198242188,14990.845132479564,5808.0,14990.845130310374,14990.845130310374,"Ensemble(LR, Prophet, SARIMA, XGB, LGBM, Hybrid)"
Portugal,PRT,Europe,Wind,2025,5630.419959385805,6269.144864864866,5630.419959385805,5583.14,5655.08231414795,5858.90189099863,5707.344238161075,5798.5688710229115,5798.5688710229115,"Ensemble(LR, Prophet, SARIMA, XGB, LGBM, Hybrid)"
Portugal,PRT,Europe,Wind,2026,5696.316932465738,6421.308682432433,5696.316932465738,5583.14,5835.203545227051,6799.558954174842,5773.241211241008,6571.262859460518,6571.262859460518,"Ensemble(LR, Prophet, SARIMA, XGB, LGBM, Hybrid)"
Portugal,PRT,Europe,Wind,2027,5762.5423906234455,6567.11954954955,5762.5423906234455,5583.14,6036.8044668579105,7351.746087783222,5839.466669398716,7027.54187083944,7027.54187083944,"Ensemble(LR, Prophet, SARIMA, XGB, LGBM, Hybrid)"
Portugal,PRT,Europe,Wind,2028,5829.087719999793,6706.577466216217,5829.087719999793,5583.14,6211.761681213379,8094.868252366952,5906.011998775063,7638.994091446916,7638.994091446916,"Ensemble(LR, Prophet, SARIMA, XGB, LGBM, Hybrid)"
Portugal,PRT,Europe,Wind,2029,5896.12770391233,6839.6824324324325,5896.12770391233,5583.14,6423.3081289672855,8200.175706906914,5973.0519826876,7731.179420921234,7731.179420921234,"Ensemble(LR, Prophet, SARIMA, XGB, LGBM, Hybrid)"
Republic of Korea (the),KOR,Asia,Biomass,2025,10914.691454116843,6701.57181981982,10914.691454116843,40190.914585979335,2982.686607055664,3092.994054554021,10774.323778617338,3404.1403419421795,3404.1403419421795,"Ensemble(LR, Prophet, SARIMA, XGB, LGBM, Hybrid)"
Republic of Korea (the),KOR,Asia,Biomass,2026,12047.085755255403,7396.227243243244,12047.085755255403,66615.09402696359,3299.0275799560545,4281.589499737449,11906.718079755898,3818.614623850728,3818.614623850728,"Ensemble(LR, Prophet, SARIMA, XGB, LGBM, Hybrid)"
Republic of Korea (the),KOR,Asia,Biomass,2027,13001.037994822524,8123.3398438438435,13001.037994822524,113513.92286249301,3739.2160565185545,5047.743744920537,12860.670319323019,4311.693385636845,4311.693385636845,"Ensemble(LR, Prophet, SARIMA, XGB, LGBM, Hybrid)"
Republic of Korea (the),KOR,Asia,Biomass,2028,13772.321747224732,8882.909621621622,13772.321747224732,199167.17321734718,4184.033500366211,5350.299535976948,13631.954071725228,4782.451784795677,4782.451784795677,"Ensemble(LR, Prophet, SARIMA, XGB, LGBM, Hybrid)"
Republic of Korea (the),KOR,Asia,Biomass,2029,14376.907717435988,9674.936576576576,14376.907717435988,360391.84336032,4655.064201049805,5545.742443277949,14236.540041936483,5271.562511903887,5271.562511903887,"Ensemble(LR, Prophet, SARIMA, XGB, LGBM, Hybrid)"
Republic of Korea (the),KOR,Asia,Hydro,2025,1936.0161104156928,1921.5746126126128,1936.0161104156928,1837.34203951789,1848.970576171875,1953.5554467241918,1953.5894854160877,1852.4097666440864,1852.4097666440864,"Ensemble(LR, Prophet, SARIMA, XGB, LGBM, Hybrid)"
Republic of Korea (the),KOR,Asia,Hydro,2026,1953.584313999988,1941.778222972973,1953.584313999988,1840.111334555084,1933.3897427368165,2646.321859058068,1971.1576890003828,1907.5865033698208,1907.5865033698208,"Ensemble(LR, Prophet, SARIMA, XGB, LGBM, Hybrid)"
Republic of Korea (the),KOR,Asia,Hydro,2027,1971.125221104147,1962.4169309309311,1971.125221104147,1842.5182111821666,2037.4740170288087,3159.582958553802,1988.6985961045418,1974.9320204167034,1974.9320204167034,"Ensemble(LR, Prophet, SARIMA, XGB, LGBM, Hybrid)"
Republic of Korea (the),KOR,Asia,Hydro,2028,1988.6355593351275,1983.4907364864866,1988.6355593351275,1844.6097107780718,2136.806155090332,3264.588538716669,2006.2089343355224,2039.2723239188285,2039.2723239188285,"Ensemble(LR, Prophet, SARIMA, XGB, LGBM, Hybrid)"
Republic of Korea (the),KOR,Asia,Hydro,2029,2006.159910789642,2004.9996396396398,2006.159910789642,1846.4268648273323,2278.7293881225587,3633.004366456617,2023.733285790037,2130.0663539139346,2130.0663539139346,"Ensemble(LR, Prophet, SARIMA, XGB, LGBM, Hybrid)"
Republic of Korea (the),KOR,Asia,Solar,2025,35734.99777516589,26680.25,35734.99777516589,37551.250822903006,28777.857421875,27592.637020516,34669.94525015585,27592.637020865324,27592.637020865324,"Ensemble(LR, Prophet, SARIMA, XGB, LGBM, Hybrid)"
Republic of Korea (the),KOR,Asia,Solar,2026,39684.482903337805,26680.25,39684.482903337805,42593.06101159976,30296.676391601562,28724.36906645039,38619.430378327765,28724.369067245825,28724.369067245825,"Ensemble(LR, Prophet, SARIMA, XGB, LGBM, Hybrid)"
Republic of Korea (the),KOR,Asia,Solar,2027,43054.70741680823,27710.539861861864,43054.70741680823,47552.7072931915,31541.039794921875,30965.58612531349,41989.65489179819,30965.586126147966,30965.586126147966,"Ensemble(LR, Prophet, SARIMA, XGB, LGBM, Hybrid)"
Republic of Korea (the),KOR,Asia,Solar,2028,45810.149479143736,30321.705722972976,45810.149479143736,52359.832065857045,32858.25231933594,32250.513387655217,44745.096954133696,32250.513388772633,32250.513388772633,"Ensemble(LR, Prophet, SARIMA, XGB, LGBM, Hybrid)"
Republic of Korea (the),KOR,Asia,Solar,2029,47990.42563534833,33044.70927927928,47990.42563534833,56959.18821977303,34103.220947265625,33889.24291675714,46925.37311033829,33889.242917997784,33889.242917997784,"Ensemble(LR, Prophet, SARIMA, XGB, LGBM, Hybrid)"
Republic of Korea (the),KOR,Asia,Wind,2025,2788.9562812435465,2656.361585585585,2788.9562812435465,2261.13,2497.2617138671876,2396.9735961906213,2823.700445799969,2376.75017221403,2376.75017221403,"Ensemble(LR, Prophet, SARIMA, XGB, LGBM, Hybrid)"
Republic of Korea (the),KOR,Asia,Wind,2026,2990.8345740749746,2882.257709459459,2990.8345740749746,2261.13,2706.836039428711,2496.963415308175,3025.5787386313973,2479.5971594476873,2479.5971594476873,"Ensemble(LR, Prophet, SARIMA, XGB, LGBM, Hybrid)"
Republic of Korea (the),KOR,Asia,Wind,2027,3179.873471733435,3117.3388408408405,3179.873471733435,2261.13,2912.9648083496095,2547.711693273829,3214.6176362898577,2540.9439615564347,2540.9439615564347,"Ensemble(LR, Prophet, SARIMA, XGB, LGBM, Hybrid)"
Republic of Korea (the),KOR,Asia,Wind,2028,3353.9789919737827,3361.604979729729,3353.9789919737827,2261.13,3143.347300415039,2599.7059069019588,3388.7231565302054,2601.7413231828223,2601.7413231828223,"Ensemble(LR, Prophet, SARIMA, XGB, LGBM, Hybrid)"
Republic of Korea (the),KOR,Asia,Wind,2029,3512.309205736818,3615.0561261261255,3512.309205736818,2261.13,3343.0016583251954,2666.3909520630523,3547.0533702932407,2672.889091915731,2672.889091915731,"Ensemble(LR, Prophet, SARIMA, XGB, LGBM, Hybrid)"
Russian Federation (the),RUS,Europe,Biomass,2025,252.51121909905777,130.5,252.51121909905777,130.5,136.2766237258911,130.5,245.26795991935825,130.5,130.5,"Ensemble(LR, Prophet, SARIMA, XGB, LGBM, Hybrid)"
Russian Federation (the),RUS,Europe,Biomass,2026,232.89868834240008,130.5,232.89868834240008,130.5,221.82663440704346,130.5,245.26795991935825,195.5383885022379,195.5383885022379,"Ensemble(LR, Prophet, SARIMA, XGB, LGBM, Hybrid)"
Russian Federation (the),RUS,Europe,Biomass,2027,214.75636443206713,130.5,214.75636443206713,130.5,394.74553394317627,134.10602031997345,245.26795991935825,338.32368760701286,338.32368760701286,"Ensemble(LR, Prophet, SARIMA, XGB, LGBM, Hybrid)"
Russian Federation (the),RUS,Europe,Biomass,2028,197.98202061139077,130.5,197.98202061139077,130.5,494.4186143875122,134.10602031997345,245.26795991935825,420.49390411787437,420.49390411787437,"Ensemble(LR, Prophet, SARIMA, XGB, LGBM, Hybrid)"
Russian Federation (the),RUS,Europe,Biomass,2029,182.43851898357838,130.5,182.43851898357838,130.5,604.6866884231567,184.21910463729768,245.26795991935825,514.61478034124,514.61478034124,"Ensemble(LR, Prophet, SARIMA, XGB, LGBM, Hybrid)"
Russian Federation (the),RUS,Europe,Hydro,2025,48684.29804620387,52475.686486486484,48684.29804620387,51726.0,52232.444885253906,51726.0,51726.0,51726.0,51726.0,"Ensemble(LR, Prophet, SARIMA, XGB, LGBM, Hybrid)"
Russian Federation (the),RUS,Europe,Hydro,2026,48797.22363439709,53175.76824324324,48797.22363439709,51726.0,52804.104919433594,51995.51045743114,51726.0,51726.0,51726.0,"Ensemble(LR, Prophet, SARIMA, XGB, LGBM, Hybrid)"
Russian Federation (the),RUS,Europe,Hydro,2027,48910.15490996432,53893.88828828829,48910.15490996432,51726.0,53138.49035644531,52794.22436831716,51726.0,51967.947969852066,51967.947969852066,"Ensemble(LR, Prophet, SARIMA, XGB, LGBM, Hybrid)"
Russian Federation (the),RUS,Europe,Hydro,2028,49023.090689780925,54630.04662162162,49023.090689780925,51726.0,53712.82159423828,52837.755242972096,51726.0,52393.67356161867,52393.67356161867,"Ensemble(LR, Prophet, SARIMA, XGB, LGBM, Hybrid)"
Russian Federation (the),RUS,Europe,Hydro,2029,49136.33921620384,55384.24324324324,49136.33921620384,51726.0,54157.7897644043,52943.50982372387,51726.0,52740.584558678485,52740.584558678485,"Ensemble(LR, Prophet, SARIMA, XGB, LGBM, Hybrid)"
Russian Federation (the),RUS,Europe,Solar,2025,5634.10997837922,4546.707964071857,5634.10997837922,3960.6839911815914,2945.5021313476564,3096.4305295405957,5448.919891580462,3096.4305299058296,3096.4305299058296,"Ensemble(LR, Prophet, SARIMA, XGB, LGBM, Hybrid)"
Russian Federation (the),RUS,Europe,Solar,2026,6106.651816405198,5232.271017964072,6106.651816405198,4346.958682913666,3321.351130371094,3621.541211577202,5921.46172960644,3621.541211938301,3621.541211938301,"Ensemble(LR, Prophet, SARIMA, XGB, LGBM, Hybrid)"
Russian Federation (the),RUS,Europe,Solar,2027,6447.437790069615,5965.056946107785,6447.437790069615,4704.996403740567,3834.543330078125,4137.397727726411,6262.2477032708575,4137.397728091433,4137.397728091433,"Ensemble(LR, Prophet, SARIMA, XGB, LGBM, Hybrid)"
Russian Federation (the),RUS,Europe,Solar,2028,6682.451934681956,6745.065748502993,6682.451934681956,5032.627602475984,4435.086970214844,4363.528875075319,6497.261847883198,4363.528875534069,4363.528875534069,"Ensemble(LR, Prophet, SARIMA, XGB, LGBM, Hybrid)"
Russian Federation (the),RUS,Europe,Solar,2029,6839.912430607581,7572.2974251497,6839.912430607581,5329.177366848664,4992.096186523438,4363.528875075319,6654.722343808823,4363.528875688258,4363.528875688258,"Ensemble(LR, Prophet, SARIMA, XGB, LGBM, Hybrid)"
Russian Federation (the),RUS,Europe,Wind,2025,471.8378211066449,2566.7,471.8378211066449,2566.7,2566.7,2604.7462905262964,2566.7,2566.7,2566.7,"Ensemble(LR, Prophet, SARIMA, XGB, LGBM, Hybrid)"
Russian Federation (the),RUS,Europe,Wind,2026,499.3379122227547,2566.7,499.3379122227547,2566.7,2614.12028427124,2604.7462905262964,2566.7,2566.7,2566.7,"Ensemble(LR, Prophet, SARIMA, XGB, LGBM, Hybrid)"
Russian Federation (the),RUS,Europe,Wind,2027,521.4447317801779,2566.7,521.4447317801779,2566.7,2754.6096336364744,2791.8482518685546,2566.7,2566.7,2566.7,"Ensemble(LR, Prophet, SARIMA, XGB, LGBM, Hybrid)"
Russian Federation (the),RUS,Europe,Wind,2028,538.7960604437615,2566.7,538.7960604437615,2566.7,3072.008010101318,2880.313676607889,2566.7,2566.7,2566.7,"Ensemble(LR, Prophet, SARIMA, XGB, LGBM, Hybrid)"
Russian Federation (the),RUS,Europe,Wind,2029,552.1928502991318,2566.7,552.1928502991318,2566.7,3453.728438568115,3066.5393456492206,2566.7,2568.82932525708,2568.82932525708,"Ensemble(LR, Prophet, SARIMA, XGB, LGBM, Hybrid)"
Spain,ESP,Europe,Biomass,2025,1192.9318910263164,1285.63,1192.9318910263164,1285.63,1393.76484954834,1592.1802867270887,1285.63,1386.8849349881248,1386.8849349881248,"Ensemble(LR, Prophet, SARIMA, XGB, LGBM, Hybrid)"
Spain,ESP,Europe,Biomass,2026,1210.027617218738,1285.63,1210.027617218738,1285.63,1882.060015563965,2567.587180420394,1285.63,1853.168977472685,1853.168977472685,"Ensemble(LR, Prophet, SARIMA, XGB, LGBM, Hybrid)"
Spain,ESP,Europe,Biomass,2027,1227.2995052459776,1285.63,1227.2995052459776,1285.63,2143.5682247924806,2805.278460558642,1285.63,2084.9095138530106,2084.9095138530106,"Ensemble(LR, Prophet, SARIMA, XGB, LGBM, Hybrid)"
Spain,ESP,Europe,Biomass,2028,1244.747403104173,1285.63,1244.747403104173,1285.63,2442.1455868530275,2866.3819574048407,1285.63,2335.6410700366696,2335.6410700366696,"Ensemble(LR, Prophet, SARIMA, XGB, LGBM, Hybrid)"
Spain,ESP,Europe,Biomass,2029,1262.4196224359255,1285.63,1262.4196224359255,1285.63,2833.9070919799806,2866.3819574048407,1285.63,2659.0362840547673,2659.0362840547673,"Ensemble(LR, Prophet, SARIMA, XGB, LGBM, Hybrid)"
Spain,ESP,Europe,Hydro,2025,17463.100719673625,17580.836180180184,17463.100719673625,16808.81,16906.767405090333,16953.166247651436,17500.528126184057,16938.77510169804,16938.77510169804,"Ensemble(LR, Prophet, SARIMA, XGB, LGBM, Hybrid)"
Spain,ESP,Europe,Hydro,2026,17567.27948047148,17728.97000675676,17567.27948047148,16808.81,17267.37342315674,18047.512426639692,17604.706886981912,17176.881948126796,17176.881948126796,"Ensemble(LR, Prophet, SARIMA, XGB, LGBM, Hybrid)"
Spain,ESP,Europe,Hydro,2027,17671.397642967848,17881.400822822827,17671.397642967848,16808.81,17679.286264953615,18727.3871362838,17708.82504947828,17447.25420163312,17447.25420163312,"Ensemble(LR, Prophet, SARIMA, XGB, LGBM, Hybrid)"
Spain,ESP,Europe,Hydro,2028,17775.447212397874,18038.12862837838,17775.447212397874,16808.81,17943.581217346193,18843.85336143116,17812.874618908307,17626.227866013218,17626.227866013218,"Ensemble(LR, Prophet, SARIMA, XGB, LGBM, Hybrid)"
Spain,ESP,Europe,Hydro,2029,17879.70496020513,18199.153423423428,17879.70496020513,16808.81,18298.52497344971,18843.85336143116,17917.132366715563,17861.97635411826,17861.97635411826,"Ensemble(LR, Prophet, SARIMA, XGB, LGBM, Hybrid)"
Spain,ESP,Europe,Solar,2025,14452.064713615813,38587.420000000006,14452.064713615813,38587.420000000006,46178.495195312506,51361.12050717196,38587.420000000006,51361.12049936628,51361.12049936628,"Ensemble(LR, Prophet, SARIMA, XGB, LGBM, Hybrid)"
Spain,ESP,Europe,Solar,2026,15408.15187176617,38587.420000000006,15408.15187176617,38587.420000000006,51243.478593750006,57557.99114829386,38587.420000000006,57557.99113938331,57557.99113938331,"Ensemble(LR, Prophet, SARIMA, XGB, LGBM, Hybrid)"
Spain,ESP,Europe,Solar,2027,16402.35735530893,38587.420000000006,16402.35735530893,38587.420000000006,55863.889238281256,62593.22150793008,38587.420000000006,62593.2214982284,62593.2214982284,"Ensemble(LR, Prophet, SARIMA, XGB, LGBM, Hybrid)"
Spain,ESP,Europe,Solar,2028,17432.97962768785,38587.420000000006,17432.97962768785,38587.420000000006,60732.352617187506,66294.0743077671,38587.420000000006,66294.07429770894,66294.07429770894,"Ensemble(LR, Prophet, SARIMA, XGB, LGBM, Hybrid)"
Spain,ESP,Europe,Solar,2029,18500.864679056354,38587.420000000006,18500.864679056354,38587.420000000006,65116.108964843756,68636.49820037358,38587.420000000006,68636.4981903276,68636.4981903276,"Ensemble(LR, Prophet, SARIMA, XGB, LGBM, Hybrid)"
Spain,ESP,Europe,Wind,2025,27572.067260727006,31811.5,27572.067260727006,31811.5,32617.366088867188,32902.16397070294,31811.5,31811.5,31811.5,"Ensemble(LR, Prophet, SARIMA, XGB, LGBM, Hybrid)"
Spain,ESP,Europe,Wind,2026,28077.206243307475,31811.5,28077.206243307475,31811.5,33252.16571044922,34314.19770369562,31811.5,32942.96009977647,32942.96009977647,"Ensemble(LR, Prophet, SARIMA, XGB, LGBM, Hybrid)"
Spain,ESP,Europe,Wind,2027,28586.222464723865,31811.5,28586.222464723865,31811.5,33797.618225097656,35346.005165991766,31811.5,33832.31944675771,33832.31944675771,"Ensemble(LR, Prophet, SARIMA, XGB, LGBM, Hybrid)"
Spain,ESP,Europe,Wind,2028,29098.952049385658,31811.5,29098.952049385658,31811.5,34467.852111816406,36380.066847478425,31811.5,34721.90554445111,34721.90554445111,"Ensemble(LR, Prophet, SARIMA, XGB, LGBM, Hybrid)"
Spain,ESP,Europe,Wind,2029,29616.64484806271,31811.5,29616.64484806271,31811.5,34948.23272705078,36930.81063210479,31811.5,35216.93781900781,35216.93781900781,"Ensemble(LR, Prophet, SARIMA, XGB, LGBM, Hybrid)"
Sweden,SWE,Europe,Biomass,2025,6297.936957096764,6283.597297297298,6297.936957096764,5391.619255262028,3697.7328567504883,3751.762731000473,6491.449274639813,3989.3286811408475,3989.3286811408475,"Ensemble(LR, Prophet, SARIMA, XGB, LGBM, Hybrid)"
Sweden,SWE,Europe,Biomass,2026,6484.422432620637,6424.998648648649,6484.422432620637,5391.6192662051035,3846.2143020629883,4715.662163947408,6677.934750163686,4189.35342457634,4189.35342457634,"Ensemble(LR, Prophet, SARIMA, XGB, LGBM, Hybrid)"
Sweden,SWE,Europe,Biomass,2027,6674.604764758615,6559.890990990991,6674.604764758615,5391.619266979277,4041.7036056518555,4935.0803198467065,6868.117082301664,4379.62646550124,4379.62646550124,"Ensemble(LR, Prophet, SARIMA, XGB, LGBM, Hybrid)"
Sweden,SWE,Europe,Biomass,2028,6868.450179609155,6688.274324324324,6868.450179609155,5391.6192670340415,4163.8268966674805,5101.206613005479,7061.962497152204,4505.271318410469,4505.271318410469,"Ensemble(LR, Prophet, SARIMA, XGB, LGBM, Hybrid)"
Sweden,SWE,Europe,Biomass,2029,7066.464012183958,6810.148648648648,7066.464012183958,5391.619267037911,4323.978004455566,5211.313720225564,7259.976329727007,4657.945718197937,4657.945718197937,"Ensemble(LR, Prophet, SARIMA, XGB, LGBM, Hybrid)"
Sweden,SWE,Europe,Hydro,2025,16414.361668376354,17177.050450450453,16414.361668376354,16506.0,17034.597412109375,17927.74374649657,16506.0,16855.002401919734,16855.002401919734,"Ensemble(LR, Prophet, SARIMA, XGB, LGBM, Hybrid)"
Sweden,SWE,Europe,Hydro,2026,16417.200888126823,17307.216891891894,16417.200888126823,16506.0,17349.217315673828,18394.864061821943,16506.0,17062.79053762903,17062.79053762903,"Ensemble(LR, Prophet, SARIMA, XGB, LGBM, Hybrid)"
Sweden,SWE,Europe,Hydro,2027,16420.04011994361,17440.523723723723,16420.04011994361,16506.0,17646.3740234375,18487.287199208346,16506.0,17260.01675318283,17260.01675318283,"Ensemble(LR, Prophet, SARIMA, XGB, LGBM, Hybrid)"
Sweden,SWE,Europe,Hydro,2028,16422.8793636611,17576.97094594595,16422.8793636611,16506.0,18079.48373413086,18487.287199208346,16506.0,17542.099412196974,17542.099412196974,"Ensemble(LR, Prophet, SARIMA, XGB, LGBM, Hybrid)"
Sweden,SWE,Europe,Hydro,2029,16425.726397911705,17716.55855855856,16425.726397911705,16506.0,18285.266830444336,18487.287199208346,16506.0,17683.078833150408,17683.078833150408,"Ensemble(LR, Prophet, SARIMA, XGB, LGBM, Hybrid)"
Sweden,SWE,Europe,Solar,2025,3156.4449969911484,4963.0,3156.4449969911484,148703.26263926807,6244.5421142578125,5134.060078260044,4963.0,5134.060077839853,5134.060077839853,"Ensemble(LR, Prophet, SARIMA, XGB, LGBM, Hybrid)"
Sweden,SWE,Europe,Solar,2026,3324.1061911583324,4963.0,3324.1061911583324,523336.03036523255,8171.8284912109375,5134.060078260044,4963.0,5134.060078066988,5134.060078066988,"Ensemble(LR, Prophet, SARIMA, XGB, LGBM, Hybrid)"
Sweden,SWE,Europe,Solar,2027,3426.877176385244,4963.0,3426.877176385244,2112718.139129448,10478.658569335938,5578.726362838566,4963.0,5578.726362771552,5578.726362771552,"Ensemble(LR, Prophet, SARIMA, XGB, LGBM, Hybrid)"
Sweden,SWE,Europe,Solar,2028,3487.757872582843,4963.0,3487.757872582843,9931277.167779377,12857.480590820312,5732.051001289073,4963.0,5732.051001439373,5732.051001439373,"Ensemble(LR, Prophet, SARIMA, XGB, LGBM, Hybrid)"
Sweden,SWE,Europe,Solar,2029,3523.1684111145023,4963.0,3523.1684111145023,55268982.42850729,14384.24853515625,5745.101429452272,4963.0,5745.101429775075,5745.101429775075,"Ensemble(LR, Prophet, SARIMA, XGB, LGBM, Hybrid)"
Sweden,SWE,Europe,Wind,2025,13442.544685667483,17239.0,13442.544685667483,19575.79487129101,18578.885620117188,18283.492339330478,17239.0,18070.31298236405,18070.31298236405,"Ensemble(LR, Prophet, SARIMA, XGB, LGBM, Hybrid)"
Sweden,SWE,Europe,Wind,2026,14316.872568485356,17239.0,14316.872568485356,21744.883121300594,20254.113647460938,19945.793814354976,17239.0,19729.3859604973,19729.3859604973,"Ensemble(LR, Prophet, SARIMA, XGB, LGBM, Hybrid)"
Sweden,SWE,Europe,Wind,2027,15179.56053145951,17850.412612612614,15179.56053145951,23981.895917130103,21839.2451171875,21218.623549754146,17239.0,21078.132572740695,21078.132572740695,"Ensemble(LR, Prophet, SARIMA, XGB, LGBM, Hybrid)"
Sweden,SWE,Europe,Wind,2028,16023.199268969895,19228.84594594595,16023.199268969895,26273.07124712457,23088.17041015625,22346.240752456575,17239.0,22313.262095333746,22313.262095333746,"Ensemble(LR, Prophet, SARIMA, XGB, LGBM, Hybrid)"
Sweden,SWE,Europe,Wind,2029,16843.2379841217,20658.891891891893,16843.2379841217,28604.65580111855,23949.73516845703,23337.8696849864,17239.0,23440.415124775875,23440.415124775875,"Ensemble(LR, Prophet, SARIMA, XGB, LGBM, Hybrid)"
Switzerland,CHE,Europe,Biomass,2025,342.42680680221156,344.88875675675683,342.42680680221156,316.5064432869375,275.0580731010437,274.56,284.6888559350169,282.8069464156782,282.8069464156782,"Ensemble(LR, Prophet, SARIMA, XGB, LGBM, Hybrid)"
Switzerland,CHE,Europe,Biomass,2026,351.7590683978772,356.63112837837843,351.7590683978772,322.26927245383627,275.0580731010437,274.56,294.0211175306825,284.11533259074605,284.11533259074605,"Ensemble(LR, Prophet, SARIMA, XGB, LGBM, Hybrid)"
Switzerland,CHE,Europe,Biomass,2027,361.259836818015,368.7151891891893,361.259836818015,328.01090660414695,275.0580731010437,299.8056005892548,303.5218859508203,287.0820126255953,287.0820126255953,"Ensemble(LR, Prophet, SARIMA, XGB, LGBM, Hybrid)"
Switzerland,CHE,Europe,Biomass,2028,370.92751951534916,381.1409391891893,370.92751951534916,333.72926074329484,275.0580731010437,328.44035289696444,313.1895686481545,290.3042753728209,290.3042753728209,"Ensemble(LR, Prophet, SARIMA, XGB, LGBM, Hybrid)"
Switzerland,CHE,Europe,Biomass,2029,380.7874156048178,393.9083783783785,380.7874156048178,339.42232165008386,275.0580731010437,332.1324743764975,323.0494647376231,291.96383335860025,291.96383335860025,"Ensemble(LR, Prophet, SARIMA, XGB, LGBM, Hybrid)"
Switzerland,CHE,Europe,Hydro,2025,17146.196973317772,16978.050450450453,17146.196973317772,16034.94,16121.759091796876,16151.706097825687,17656.081329903816,16034.94,16034.94,"Ensemble(LR, Prophet, SARIMA, XGB, LGBM, Hybrid)"
Switzerland,CHE,Europe,Hydro,2026,17476.02661937534,17364.841891891894,17476.02661937534,16034.94,16281.101605834961,16982.074480494033,17985.910975961386,16034.94,16034.94,"Ensemble(LR, Prophet, SARIMA, XGB, LGBM, Hybrid)"
Switzerland,CHE,Europe,Hydro,2027,17803.42948064505,17768.523723723723,17803.42948064505,16034.94,16414.783353271487,17398.426984549104,18313.313837231093,16139.373350333546,16139.373350333546,"Ensemble(LR, Prophet, SARIMA, XGB, LGBM, Hybrid)"
Switzerland,CHE,Europe,Hydro,2028,18128.104664099843,18189.09594594595,18128.104664099843,16034.94,16556.945172729495,17586.412494260963,18637.989020685887,16266.916506782685,16266.916506782685,"Ensemble(LR, Prophet, SARIMA, XGB, LGBM, Hybrid)"
Switzerland,CHE,Europe,Hydro,2029,18450.63858803066,18626.55855855856,18450.63858803066,16034.94,16700.910336914065,17586.412494260963,18960.522944616703,16397.15239180966,16397.15239180966,"Ensemble(LR, Prophet, SARIMA, XGB, LGBM, Hybrid)"
Switzerland,CHE,Europe,Solar,2025,4924.237726924309,7763.68,4924.237726924309,7763.68,10275.65998046875,10248.91765287189,7763.68,10248.917651817193,10248.917651817193,"Ensemble(LR, Prophet, SARIMA, XGB, LGBM, Hybrid)"
Switzerland,CHE,Europe,Solar,2026,5419.306676721898,7763.68,5419.306676721898,7763.68,12417.696845703125,11944.442639396504,7763.68,11944.442638141923,11944.442638141923,"Ensemble(LR, Prophet, SARIMA, XGB, LGBM, Hybrid)"
Switzerland,CHE,Europe,Solar,2027,5923.20630006,7763.68,5923.20630006,7763.68,14219.72931640625,12087.02958583146,7763.68,12087.029584811806,12087.029584811806,"Ensemble(LR, Prophet, SARIMA, XGB, LGBM, Hybrid)"
Switzerland,CHE,Europe,Solar,2028,6429.038951593978,7763.68,6429.038951593978,7763.68,15532.2503125,12299.490728797813,7763.68,12299.49072794537,12299.49072794537,"Ensemble(LR, Prophet, SARIMA, XGB, LGBM, Hybrid)"
Switzerland,CHE,Europe,Solar,2029,6931.159520962377,7763.68,6931.159520962377,7763.68,16377.7708203125,12299.490728797813,7763.68,12299.490728131257,12299.490728131257,"Ensemble(LR, Prophet, SARIMA, XGB, LGBM, Hybrid)"
Switzerland,CHE,Europe,Wind,2025,105.17635430245836,108.78018018018018,105.17635430245836,106.11931864183799,129.97987281799317,452.7831906673799,102.12,385.72150352452655,385.72150352452655,"Ensemble(LR, Prophet, SARIMA, XGB, LGBM, Hybrid)"
Switzerland,CHE,Europe,Wind,2026,109.5410732510602,114.95675675675676,109.5410732510602,110.91167456809863,196.5984336090088,938.8506241243851,102.12,782.1711437371965,782.1711437371965,"Ensemble(LR, Prophet, SARIMA, XGB, LGBM, Hybrid)"
Switzerland,CHE,Europe,Wind,2027,113.91472443442606,121.2894894894895,113.91472443442606,115.55306366222555,286.55794441223145,1374.2248710488834,102.12,1137.3476827684303,1137.3476827684303,"Ensemble(LR, Prophet, SARIMA, XGB, LGBM, Hybrid)"
Switzerland,CHE,Europe,Wind,2028,118.28410265341388,127.77837837837839,118.28410265341388,120.03470254160274,422.7879401397705,1707.6007637640914,102.12,1409.4940381812517,1409.4940381812517,"Ensemble(LR, Prophet, SARIMA, XGB, LGBM, Hybrid)"
Switzerland,CHE,Europe,Wind,2029,122.64794148981082,134.42342342342343,122.64794148981082,124.3499862240203,561.8395453643799,2106.937627374752,102.12,1735.3044007067942,1735.3044007067942,"Ensemble(LR, Prophet, SARIMA, XGB, LGBM, Hybrid)"
Türkiye,TUR,Asia,Biomass,2025,2335.5836380061287,2006.45,2335.5836380061287,15859.63392808765,2182.507434082031,2379.561466530928,2269.704561767697,2127.486971730998,2127.486971730998,"Ensemble(LR, Prophet, SARIMA, XGB, LGBM, Hybrid)"
Türkiye,TUR,Asia,Biomass,2026,2607.208051656545,2006.45,2607.208051656545,33971.0040030236,2441.996966552734,2828.3176453526985,2541.3289754181137,2387.7805819123805,2387.7805819123805,"Ensemble(LR, Prophet, SARIMA, XGB, LGBM, Hybrid)"
Türkiye,TUR,Asia,Biomass,2027,2853.446544521989,2006.45,2853.446544521989,80618.41766442756,3000.1894104003904,3435.42075787465,2787.5674682835574,2905.3060861624904,2905.3060861624904,"Ensemble(LR, Prophet, SARIMA, XGB, LGBM, Hybrid)"
Türkiye,TUR,Asia,Biomass,2028,3068.485507886927,2070.357722972973,3068.485507886927,214914.1611359933,3350.48662109375,4148.548744854679,3002.6064316484953,3259.0674073506107,3259.0674073506107,"Ensemble(LR, Prophet, SARIMA, XGB, LGBM, Hybrid)"
Türkiye,TUR,Asia,Biomass,2029,3250.6883328287217,2250.115945945946,3250.6883328287217,653732.3640347843,3797.1881896972654,4388.956108371914,3184.8092565902903,3662.785361320142,3662.785361320142,"Ensemble(LR, Prophet, SARIMA, XGB, LGBM, Hybrid)"
Türkiye,TUR,Asia,Hydro,2025,36489.947197131114,38650.7361081081,36489.947197131114,32386.44,32549.39259094238,32386.44,36331.675078883905,32386.44,32386.44,"Ensemble(LR, Prophet, SARIMA, XGB, LGBM, Hybrid)"
Türkiye,TUR,Asia,Hydro,2026,37650.92101112239,40564.10880405405,37650.92101112239,32386.44,33100.02973693848,32766.074970415946,37492.64889287518,32923.53843255228,32923.53843255228,"Ensemble(LR, Prophet, SARIMA, XGB, LGBM, Hybrid)"
Türkiye,TUR,Asia,Hydro,2027,38779.0135922253,42540.934360360356,38779.0135922253,32386.44,33399.50779479981,32928.30077825048,38620.741473978094,33335.210683397825,33335.210683397825,"Ensemble(LR, Prophet, SARIMA, XGB, LGBM, Hybrid)"
Türkiye,TUR,Asia,Hydro,2028,39871.27879896006,44581.21277702702,39871.27879896006,32386.44,33872.18382019043,33593.284406020925,39713.00668071285,33856.548305509765,33856.548305509765,"Ensemble(LR, Prophet, SARIMA, XGB, LGBM, Hybrid)"
Türkiye,TUR,Asia,Hydro,2029,40928.06486154008,46684.94405405405,40928.06486154008,32386.44,34817.91300720215,34137.7523176287,40769.79274329287,34674.42270817654,34674.42270817654,"Ensemble(LR, Prophet, SARIMA, XGB, LGBM, Hybrid)"
Türkiye,TUR,Asia,Solar,2025,26296.93003102465,19883.44,26296.93003102465,19883.44,28703.5444921875,29746.970630536918,26666.435553354495,29746.970628482828,29746.970628482828,"Ensemble(LR, Prophet, SARIMA, XGB, LGBM, Hybrid)"
Türkiye,TUR,Asia,Solar,2026,27716.51159614423,19883.44,27716.51159614423,19883.44,37887.7280859375,44256.77314262834,28086.017118474076,44256.773137428456,44256.773137428456,"Ensemble(LR, Prophet, SARIMA, XGB, LGBM, Hybrid)"
Türkiye,TUR,Asia,Solar,2027,28617.41801078264,19883.44,28617.41801078264,19883.44,47220.9233984375,72594.39232285637,28986.923533112484,72594.39231033206,72594.39231033206,"Ensemble(LR, Prophet, SARIMA, XGB, LGBM, Hybrid)"
Türkiye,TUR,Asia,Solar,2028,29170.35644457215,19883.44,29170.35644457215,19883.44,56857.9273046875,122258.073756355,29539.861966901994,122258.07373011051,122258.07373011051,"Ensemble(LR, Prophet, SARIMA, XGB, LGBM, Hybrid)"
Türkiye,TUR,Asia,Solar,2029,29503.483329476272,19883.44,29503.483329476272,19883.44,68098.9800390625,162467.69190291077,29872.988851806116,162467.69186592812,162467.69186592812,"Ensemble(LR, Prophet, SARIMA, XGB, LGBM, Hybrid)"
Türkiye,TUR,Asia,Wind,2025,13515.851205036715,14002.193045045045,13515.851205036715,12973.07,13809.939079589843,14116.415204016705,13769.80284315973,13644.289693296821,13644.289693296821,"Ensemble(LR, Prophet, SARIMA, XGB, LGBM, Hybrid)"
Türkiye,TUR,Asia,Wind,2026,14433.265416614999,15256.44018918919,14433.265416614999,12973.07,14370.820671386718,15037.593677642815,14687.217054738014,14491.021169248374,14491.021169248374,"Ensemble(LR, Prophet, SARIMA, XGB, LGBM, Hybrid)"
Türkiye,TUR,Asia,Wind,2027,15309.968693641044,16563.756372372372,15309.968693641044,12973.07,15290.074333496093,15918.069778596899,15563.920331764059,15297.628916552909,15297.628916552909,"Ensemble(LR, Prophet, SARIMA, XGB, LGBM, Hybrid)"
Türkiye,TUR,Asia,Wind,2028,16136.889908077954,17924.141594594596,16136.889908077954,12973.07,16047.79900390625,17084.821022240318,16390.84154620097,16330.021804869253,16330.021804869253,"Ensemble(LR, Prophet, SARIMA, XGB, LGBM, Hybrid)"
Türkiye,TUR,Asia,Wind,2029,16909.325572189326,19337.595855855856,16909.325572189326,12973.07,16795.01158935547,17957.0285143939,17163.27721031234,17115.58492102183,17115.58492102183,"Ensemble(LR, Prophet, SARIMA, XGB, LGBM, Hybrid)"
United Kingdom of Great Britain and Northern Ireland (the),GBR,Europe,Biomass,2025,13348.481752872798,11942.224972972976,13348.481752872798,12646.85905781311,8270.346492919922,8407.865182563868,13278.783689019174,8688.308905992508,8688.308905992508,"Ensemble(LR, Prophet, SARIMA, XGB, LGBM, Hybrid)"
United Kingdom of Great Britain and Northern Ireland (the),GBR,Europe,Biomass,2026,14522.137068822127,12849.47798648649,14522.137068822127,13788.974613136721,8715.361385498047,8836.41201073677,14452.439004968503,9183.771489252504,9183.771489252504,"Ensemble(LR, Prophet, SARIMA, XGB, LGBM, Hybrid)"
United Kingdom of Great Britain and Northern Ireland (the),GBR,Europe,Biomass,2027,15727.798717516045,13791.532576576581,15727.798717516045,15006.898497667784,9169.432491455078,9372.41117681961,15658.10065366242,9697.473848728618,9697.473848728618,"Ensemble(LR, Prophet, SARIMA, XGB, LGBM, Hybrid)"
United Kingdom of Great Britain and Northern Ireland (the),GBR,Europe,Biomass,2028,16955.078334933718,14768.388743243248,16955.078334933718,16303.327572567243,9683.57909790039,9962.785256211522,16885.380271080092,10268.069723679113,10268.069723679113,"Ensemble(LR, Prophet, SARIMA, XGB, LGBM, Hybrid)"
United Kingdom of Great Britain and Northern Ireland (the),GBR,Europe,Biomass,2029,18196.197669767666,15780.046486486492,18196.197669767666,17680.89330212541,10117.160457763672,10240.29620557505,18126.49960591404,10756.046527526996,10756.046527526996,"Ensemble(LR, Prophet, SARIMA, XGB, LGBM, Hybrid)"
United Kingdom of Great Britain and Northern Ireland (the),GBR,Europe,Hydro,2025,2289.6679443168973,2304.4621441441445,2289.6679443168973,2190.16,2196.4700099563597,2238.27822287813,2190.16,2202.1766876706483,2202.1766876706483,"Ensemble(LR, Prophet, SARIMA, XGB, LGBM, Hybrid)"
United Kingdom of Great Britain and Northern Ireland (the),GBR,Europe,Hydro,2026,2311.0359749849413,2323.566405405406,2311.0359749849413,2190.16,2263.512612495422,2913.5963757239524,2203.730851825124,2245.6539088436866,2245.6539088436866,"Ensemble(LR, Prophet, SARIMA, XGB, LGBM, Hybrid)"
United Kingdom of Great Britain and Northern Ireland (the),GBR,Europe,Hydro,2027,2332.3787349288145,2342.195591591592,2332.3787349288145,2190.16,2492.0500880813597,3271.0695936050743,2225.073611768997,2389.5358507804954,2389.5358507804954,"Ensemble(LR, Prophet, SARIMA, XGB, LGBM, Hybrid)"
United Kingdom of Great Britain and Northern Ireland (the),GBR,Europe,Hydro,2028,2353.692150091138,2360.3497027027033,2353.692150091138,2190.16,2710.347985420227,3707.3544786771326,2246.3870269313206,2527.0046201229957,2527.0046201229957,"Ensemble(LR, Prophet, SARIMA, XGB, LGBM, Hybrid)"
United Kingdom of Great Britain and Northern Ireland (the),GBR,Europe,Hydro,2029,2375.0304207893682,2378.0287387387393,2375.0304207893682,2190.16,2901.901452217102,4308.955461330873,2267.725297629551,2647.794297414592,2647.794297414592,"Ensemble(LR, Prophet, SARIMA, XGB, LGBM, Hybrid)"
United Kingdom of Great Britain and Northern Ireland (the),GBR,Europe,Solar,2025,40570.047108135055,25316.72900900901,40570.047108135055,17881.29,19571.51412109375,19930.64903606955,40365.0449444342,19930.64903861597,19930.64903861597,"Ensemble(LR, Prophet, SARIMA, XGB, LGBM, Hybrid)"
United Kingdom of Great Britain and Northern Ireland (the),GBR,Europe,Solar,2026,44590.72592411921,27669.592837837838,44590.72592411921,17881.29,21534.085166015626,22073.305837792534,44385.723760418354,22073.30584052979,22073.30584052979,"Ensemble(LR, Prophet, SARIMA, XGB, LGBM, Hybrid)"
United Kingdom of Great Britain and Northern Ireland (the),GBR,Europe,Solar,2027,48274.417145831685,30124.621141141142,48274.417145831685,17881.29,23890.791953125,24233.491922648227,48069.41498213083,24233.491925586986,24233.491925586986,"Ensemble(LR, Prophet, SARIMA, XGB, LGBM, Hybrid)"
United Kingdom of Great Britain and Northern Ireland (the),GBR,Europe,Solar,2028,51553.63507724954,32681.81391891892,51553.63507724954,17881.29,26007.72505859375,25803.71848256317,51348.63291354869,25803.718485826234,25803.718485826234,"Ensemble(LR, Prophet, SARIMA, XGB, LGBM, Hybrid)"
United Kingdom of Great Britain and Northern Ireland (the),GBR,Europe,Solar,2029,54406.046734226074,35341.17117117117,54406.046734226074,17881.29,27366.539633789063,26382.001063072985,54201.04457052522,26382.001066849687,26382.001066849687,"Ensemble(LR, Prophet, SARIMA, XGB, LGBM, Hybrid)"
United Kingdom of Great Britain and Northern Ireland (the),GBR,Europe,Wind,2025,41907.413424330596,42286.673207207205,41907.413424330596,48315.21116593723,34956.12680664063,34542.986308026055,40866.7603520346,36545.321474213924,36545.321474213924,"Ensemble(LR, Prophet, SARIMA, XGB, LGBM, Hybrid)"
United Kingdom of Great Britain and Northern Ireland (the),GBR,Europe,Wind,2026,44820.399615081245,45863.22977027027,44820.399615081245,53736.29571073007,36335.89157714844,36128.24237429463,43779.74654278525,38655.59644602814,38655.59644602814,"Ensemble(LR, Prophet, SARIMA, XGB, LGBM, Hybrid)"
United Kingdom of Great Britain and Northern Ireland (the),GBR,Europe,Wind,2027,47611.85250418228,49585.48091291291,47611.85250418228,59590.752108254426,37973.399633789064,37304.51778475933,46571.199431886285,40471.874805653875,40471.874805653875,"Ensemble(LR, Prophet, SARIMA, XGB, LGBM, Hybrid)"
United Kingdom of Great Britain and Northern Ireland (the),GBR,Europe,Wind,2028,50251.66248412891,53453.42663513513,50251.66248412891,65894.98894130271,39509.561743164064,38674.15593702305,49211.009411832914,42483.92755220666,42483.92755220666,"Ensemble(LR, Prophet, SARIMA, XGB, LGBM, Hybrid)"
United Kingdom of Great Britain and Northern Ireland (the),GBR,Europe,Wind,2029,52723.496261266264,57467.066936936935,52723.496261266264,72664.51966680339,40752.547094726564,39891.59970197036,51682.84318897027,44411.008287487384,44411.008287487384,"Ensemble(LR, Prophet, SARIMA, XGB, LGBM, Hybrid)"
United States of America (the),USA,Americas,Biomass,2025,11234.31056559986,13893.69864864865,11234.31056559986,10942.024063932153,11451.08525390625,10954.243904281808,11850.566752481895,11691.365408698159,11691.365408698159,"Ensemble(LR, Prophet, SARIMA, XGB, LGBM, Hybrid)"
United States of America (the),USA,Americas,Biomass,2026,11065.109223006924,14218.486824324325,11065.109223006924,10942.024063932153,11835.942584228516,11912.852902669856,11850.566752481895,12106.352016074252,12106.352016074252,"Ensemble(LR, Prophet, SARIMA, XGB, LGBM, Hybrid)"
United States of America (the),USA,Americas,Biomass,2027,10897.938213715404,14548.645495495497,10897.938213715404,10942.024063932153,12443.452899169923,12429.132099219203,11850.566752481895,12677.103539222731,12677.103539222731,"Ensemble(LR, Prophet, SARIMA, XGB, LGBM, Hybrid)"
United States of America (the),USA,Americas,Biomass,2028,10732.788781142028,14884.174662162162,10732.788781142028,10942.024063932153,12946.570910644532,13369.950784464922,11850.566752481895,13189.638985373753,13189.638985373753,"Ensemble(LR, Prophet, SARIMA, XGB, LGBM, Hybrid)"
United States of America (the),USA,Americas,Biomass,2029,10569.207513025427,15225.074324324325,10569.207513025427,10942.024063932153,13217.49510498047,13369.950784464922,11850.566752481895,13450.972679264996,13450.972679264996,"Ensemble(LR, Prophet, SARIMA, XGB, LGBM, Hybrid)"
United States of America (the),USA,Americas,Hydro,2025,84382.98728913789,84592.2688288288,84382.98728913789,84151.5,84432.52255249023,84151.5,84643.76405715375,84184.37685959027,84184.37685959027,"Ensemble(LR, Prophet, SARIMA, XGB, LGBM, Hybrid)"
United States of America (the),USA,Americas,Hydro,2026,84480.85122493286,84748.64858108106,84480.85122493286,84151.5,85203.21530151367,84151.5,84741.62799294872,84678.22387793828,84678.22387793828,"Ensemble(LR, Prophet, SARIMA, XGB, LGBM, Hybrid)"
United States of America (the),USA,Americas,Hydro,2027,84578.71308575544,84903.60498498497,84578.71308575544,84151.5,85402.34632873535,84164.05790489356,84839.4898537713,84816.5176683632,84816.5176683632,"Ensemble(LR, Prophet, SARIMA, XGB, LGBM, Hybrid)"
United States of America (the),USA,Americas,Hydro,2028,84676.57260420994,85057.1380405405,84676.57260420994,84151.5,85526.1888961792,84380.54940991689,84937.3493722258,84907.82039200941,84907.82039200941,"Ensemble(LR, Prophet, SARIMA, XGB, LGBM, Hybrid)"
United States of America (the),USA,Americas,Hydro,2029,84774.69761021604,85209.24774774772,84774.69761021604,84151.5,85735.30751800537,84495.43222730851,85035.4743782319,85052.04201828993,85052.04201828993,"Ensemble(LR, Prophet, SARIMA, XGB, LGBM, Hybrid)"
United States of America (the),USA,Americas,Solar,2025,165426.9802276047,177594.3,165426.9802276047,177594.3,205102.16328125,201550.44775506668,177594.3,201550.4477436987,201550.4477436987,"Ensemble(LR, Prophet, SARIMA, XGB, LGBM, Hybrid)"
United States of America (the),USA,Americas,Solar,2026,184303.55444157423,177594.3,184303.55444157423,177594.3,228756.536328125,220251.92335249376,182367.13404568098,220251.9233409895,220251.9233409895,"Ensemble(LR, Prophet, SARIMA, XGB, LGBM, Hybrid)"
United States of America (the),USA,Americas,Solar,2027,202194.2065198414,177594.3,202194.2065198414,177594.3,251432.020703125,239552.32319155202,200257.78612394814,239552.323179591,239552.323179591,"Ensemble(LR, Prophet, SARIMA, XGB, LGBM, Hybrid)"
United States of America (the),USA,Americas,Solar,2028,218652.6118230161,177594.3,218652.6118230161,177594.3,274891.6984375,259618.10250526137,216716.19142712286,259618.10249260493,259618.10249260493,"Ensemble(LR, Prophet, SARIMA, XGB, LGBM, Hybrid)"
United States of America (the),USA,Americas,Solar,2029,233421.356465179,177594.3,233421.356465179,177594.3,304089.1828125,283639.82374492433,231484.93606928576,283639.8237308461,283639.8237308461,"Ensemble(LR, Prophet, SARIMA, XGB, LGBM, Hybrid)"
United States of America (the),USA,Americas,Wind,2025,159301.67463113595,167410.5571171171,159301.67463113595,167531.03251247588,157951.70488281248,159697.04068967447,152652.69999999998,158658.40227394993,158658.40227394993,"Ensemble(LR, Prophet, SARIMA, XGB, LGBM, Hybrid)"
United States of America (the),USA,Americas,Wind,2026,168883.65645038613,179530.53189189188,168883.65645038613,178268.29646119574,165397.01249999998,164827.34016998368,152652.69999999998,164745.34118975737,164745.34118975737,"Ensemble(LR, Prophet, SARIMA, XGB, LGBM, Hybrid)"
United States of America (the),USA,Americas,Wind,2027,178364.37191557683,192078.1015015015,178364.37191557683,188896.6301115738,174022.66582031248,171031.2787671967,153457.61948397648,171686.37072208937,171686.37072208937,"Ensemble(LR, Prophet, SARIMA, XGB, LGBM, Hybrid)"
United States of America (the),USA,Americas,Wind,2028,187674.52489927653,205053.26594594592,187674.52489927653,199374.45589510826,182232.65507812498,179862.59541789987,162767.77246767617,180736.1855383808,180736.1855383808,"Ensemble(LR, Prophet, SARIMA, XGB, LGBM, Hybrid)"
United States of America (the),USA,Americas,Wind,2029,196774.31323911136,218456.0252252252,196774.31323911136,209664.83112877375,189267.80351562498,187562.4762526457,171867.560807511,188828.55334617294,188828.55334617294,"Ensemble(LR, Prophet, SARIMA, XGB, LGBM, Hybrid)"
Venezuela (Bolivarian Republic of),VEN,Americas,Biomass,2025,9.999683112578877,56.0,9.999683112578877,56.0,65.64508819580078,56.0,56.0,58.825864189396995,58.825864189396995,"Ensemble(LR, Prophet, SARIMA, XGB, LGBM, Hybrid)"
Venezuela (Bolivarian Republic of),VEN,Americas,Biomass,2026,9.999645932694882,56.0,9.999645932694882,56.0,175.08211517333984,56.0,56.0,149.04545167441879,149.04545167441879,"Ensemble(LR, Prophet, SARIMA, XGB, LGBM, Hybrid)"
Venezuela (Bolivarian Republic of),VEN,Americas,Biomass,2027,9.999608752914567,56.0,9.999608752914567,56.0,550.0116806030273,73.4713874587314,56.0,459.25765107164335,459.25765107164335,"Ensemble(LR, Prophet, SARIMA, XGB, LGBM, Hybrid)"
Venezuela (Bolivarian Republic of),VEN,Americas,Biomass,2028,9.999571573237931,56.0,9.999571573237931,56.0,816.3405990600586,130.70818069795462,56.0,682.4918511017332,682.4918511017332,"Ensemble(LR, Prophet, SARIMA, XGB, LGBM, Hybrid)"
Venezuela (Bolivarian Republic of),VEN,Americas,Biomass,2029,9.999534291803275,56.0,9.999534291803275,56.0,1101.734031677246,263.7767396921634,56.0,926.3095434907358,926.3095434907358,"Ensemble(LR, Prophet, SARIMA, XGB, LGBM, Hybrid)"
Venezuela (Bolivarian Republic of),VEN,Americas,Hydro,2025,17864.523266545366,18448.775765765768,17864.523266545366,16913.81,17109.006243286134,17103.12309036722,18048.96316973152,17148.403027069224,17148.403027069224,"Ensemble(LR, Prophet, SARIMA, XGB, LGBM, Hybrid)"
Venezuela (Bolivarian Republic of),VEN,Americas,Hydro,2026,18066.10046705767,18732.67621621622,18066.10046705767,16913.81,17511.122240600587,18355.19918371453,18250.540370243823,17424.92363601479,17424.92363601479,"Ensemble(LR, Prophet, SARIMA, XGB, LGBM, Hybrid)"
Venezuela (Bolivarian Republic of),VEN,Americas,Hydro,2027,18267.346731168534,19020.406996997,18267.346731168534,16913.81,17961.307177124025,19375.18542280209,18451.78663435469,17731.699381123814,17731.699381123814,"Ensemble(LR, Prophet, SARIMA, XGB, LGBM, Hybrid)"
Venezuela (Bolivarian Republic of),VEN,Americas,Hydro,2028,18468.205352438858,19311.968108108114,18468.205352438858,16913.81,18255.80336242676,19572.06056471818,18652.64525562501,17941.993846166126,17941.993846166126,"Ensemble(LR, Prophet, SARIMA, XGB, LGBM, Hybrid)"
Venezuela (Bolivarian Republic of),VEN,Americas,Hydro,2029,18669.168484740785,19607.359549549554,18669.168484740785,16913.81,18654.893786010743,19875.138895913442,18853.60838792694,18217.701675215063,18217.701675215063,"Ensemble(LR, Prophet, SARIMA, XGB, LGBM, Hybrid)"
Venezuela (Bolivarian Republic of),VEN,Americas,Solar,2025,2.9511882893944983,4.0600000000000005,2.9511882893944983,4.0600000000000005,6.172036466598511,185.06683521385636,4.0600000000000005,185.06683515923515,185.06683515923515,"Ensemble(LR, Prophet, SARIMA, XGB, LGBM, Hybrid)"
Venezuela (Bolivarian Republic of),VEN,Americas,Solar,2026,2.9603208366884544,4.0600000000000005,2.9603208366884544,4.0600000000000005,17.087289152145388,835.4607595369442,4.0600000000000005,835.4607592882772,835.4607592882772,"Ensemble(LR, Prophet, SARIMA, XGB, LGBM, Hybrid)"
Venezuela (Bolivarian Republic of),VEN,Americas,Solar,2027,2.969474282755958,4.0600000000000005,2.969474282755958,4.0600000000000005,119.43329745292664,1619.2275797750422,4.0600000000000005,1619.227579301457,1619.227579301457,"Ensemble(LR, Prophet, SARIMA, XGB, LGBM, Hybrid)"
Venezuela (Bolivarian Republic of),VEN,Americas,Solar,2028,2.978648629877638,4.0600000000000005,2.978648629877638,4.0600000000000005,484.80109530448914,1825.8284997631436,4.0600000000000005,1825.8284992641086,1825.8284992641086,"Ensemble(LR, Prophet, SARIMA, XGB, LGBM, Hybrid)"
Venezuela (Bolivarian Republic of),VEN,Americas,Solar,2029,2.9878691012078398,4.0600000000000005,2.9878691012078398,4.0600000000000005,906.6473477458953,1825.8284997631436,4.0600000000000005,1825.8284993062932,1825.8284993062932,"Ensemble(LR, Prophet, SARIMA, XGB, LGBM, Hybrid)"
Viet Nam,VNM,Asia,Biomass,2025,854.1236345072455,677.6574054054055,854.1236345072455,761.3925025138682,460.25602029800416,677.0195706998677,837.3659599413566,498.39135944088355,498.39135944088355,"Ensemble(LR, Prophet, SARIMA, XGB, LGBM, Hybrid)"
Viet Nam,VNM,Asia,Biomass,2026,942.7441657986872,735.1004527027028,942.7441657986872,843.3612247547493,503.5124213600159,1327.0392688031445,925.9864912327982,582.1695745826507,582.1695745826507,"Ensemble(LR, Prophet, SARIMA, XGB, LGBM, Hybrid)"
Viet Nam,VNM,Asia,Biomass,2027,1031.873573020952,795.2240180180181,1031.873573020952,931.7794272166277,524.9693248176575,1454.1990169321505,1015.1158984550632,614.718721586681,614.718721586681,"Ensemble(LR, Prophet, SARIMA, XGB, LGBM, Hybrid)"
Viet Nam,VNM,Asia,Biomass,2028,1120.0264216161797,858.0281013513514,1120.0264216161797,1026.9166083929324,571.38741563797,1454.1990169321505,1103.2687470502908,659.9835738782851,659.9835738782851,"Ensemble(LR, Prophet, SARIMA, XGB, LGBM, Hybrid)"
Viet Nam,VNM,Asia,Biomass,2029,1206.0118465264945,923.5127027027029,1206.0118465264945,1129.0342632945847,590.382252445221,1486.5707706040737,1189.2541719606056,685.017011327716,685.017011327716,"Ensemble(LR, Prophet, SARIMA, XGB, LGBM, Hybrid)"
Viet Nam,VNM,Asia,Hydro,2025,29567.95261026555,30736.341081081082,29567.95261026555,29495.635254264085,24638.30877685547,24740.90376755769,29091.133079820513,26589.806586407132,26589.806586407132,"Ensemble(LR, Prophet, SARIMA, XGB, LGBM, Hybrid)"
Viet Nam,VNM,Asia,Hydro,2026,30709.885089137133,32708.44804054054,30709.885089137133,30615.420766774554,25407.716796875,25317.403355198865,30233.065558692095,27570.937215631064,27570.937215631064,"Ensemble(LR, Prophet, SARIMA, XGB, LGBM, Hybrid)"
Viet Nam,VNM,Asia,Hydro,2027,31769.512512162404,34748.2836036036,31769.512512162404,31625.592053747652,26086.372985839844,25682.91874909041,31292.692981717366,28470.681357742287,28470.681357742287,"Ensemble(LR, Prophet, SARIMA, XGB, LGBM, Hybrid)"
Viet Nam,VNM,Asia,Hydro,2028,32745.281920435224,36855.847770270266,32745.281920435224,32532.800078023425,26791.2861328125,26000.127012189627,32268.462389990185,29363.71334129154,29363.71334129154,"Ensemble(LR, Prophet, SARIMA, XGB, LGBM, Hybrid)"
Viet Nam,VNM,Asia,Hydro,2029,33639.8582395093,39031.14054054054,33639.8582395093,33344.36109799369,27360.396728515625,26859.80092642808,33163.03870906427,30151.31805090866,30151.31805090866,"Ensemble(LR, Prophet, SARIMA, XGB, LGBM, Hybrid)"
Viet Nam,VNM,Asia,Solar,2025,24936.00375273876,18666.28,24936.00375273876,5.5948682311093476e+32,18666.28,18749.119238156487,29156.959691442993,18749.119238516832,18749.119238516832,"Ensemble(LR, Prophet, SARIMA, XGB, LGBM, Hybrid)"
Viet Nam,VNM,Asia,Solar,2026,24959.17922119023,18666.28,24959.17922119023,1.4085963515148953e+44,19247.14047363281,20604.55700150858,29180.13515989446,20604.557001514764,20604.557001514764,"Ensemble(LR, Prophet, SARIMA, XGB, LGBM, Hybrid)"
Viet Nam,VNM,Asia,Solar,2027,24965.111571160956,18666.28,24965.111571160956,1.4735517758700538e+59,20042.897248535155,21648.203151052796,29186.067509865185,21648.203150975238,21648.203150975238,"Ensemble(LR, Prophet, SARIMA, XGB, LGBM, Hybrid)"
Viet Nam,VNM,Asia,Solar,2028,24966.628789047274,18666.28,24966.628789047274,9.016426726744778e+78,20388.80081298828,22327.57304748271,29187.584727751506,22327.573047392383,22327.573047392383,"Ensemble(LR, Prophet, SARIMA, XGB, LGBM, Hybrid)"
Viet Nam,VNM,Asia,Solar,2029,24967.017233314535,18666.28,24967.017233314535,1.051547210674469e+105,20935.785615234374,23024.606294895108,29187.973172018763,23024.606294813802,23024.606294813802,"Ensemble(LR, Prophet, SARIMA, XGB, LGBM, Hybrid)"
Viet Nam,VNM,Asia,Wind,2025,908.4012804759533,6184.8,908.4012804759533,6184.8,6902.328625488281,6815.675514513556,6184.8,6184.8,6184.8,"Ensemble(LR, Prophet, SARIMA, XGB, LGBM, Hybrid)"
Viet Nam,VNM,Asia,Wind,2026,965.3768649979334,6184.8,965.3768649979334,6184.8,7300.530285644531,7489.499059759146,6184.8,6184.8,6184.8,"Ensemble(LR, Prophet, SARIMA, XGB, LGBM, Hybrid)"
Viet Nam,VNM,Asia,Wind,2027,1009.1717737273063,6184.8,1009.1717737273063,6184.8,7927.123364257813,7952.221781501124,6184.8,6516.853953627552,6516.853953627552,"Ensemble(LR, Prophet, SARIMA, XGB, LGBM, Hybrid)"
Viet Nam,VNM,Asia,Wind,2028,1041.8749405811075,6184.8,1041.8749405811075,6184.8,8960.816845703124,8513.670848617932,6184.8,6973.793776949991,6973.793776949991,"Ensemble(LR, Prophet, SARIMA, XGB, LGBM, Hybrid)"
Viet Nam,VNM,Asia,Wind,2029,1065.8269208790266,6184.8,1065.8269208790266,6184.8,9826.186840820312,9114.728292799078,6184.8,7462.9691288949925,7462.9691288949925,"Ensemble(LR, Prophet, SARIMA, XGB, LGBM, Hybrid)"
